Downloading https://services.gradle.org/distributions/gradle-8.7-bin.zip
............10%.............20%.............30%.............40%............50%.............60%.............70%.............80%.............90%............100%
Initialized native services in: /opt/gradle/.gradle/native
Initialized jansi services in: /opt/gradle/.gradle/native

Welcome to Gradle 8.7!

Here are the highlights of this release:
 - Compiling and testing with Java 22
 - Cacheable Groovy script compilation
 - New methods in lazy collection properties

For more details see https://docs.gradle.org/8.7/release-notes.html

Received JVM installation metadata from '/usr/lib/jvm/temurin-21-jdk-amd64': {JAVA_HOME=/usr/lib/jvm/temurin-21-jdk-amd64, JAVA_VERSION=21.0.11, JAVA_VENDOR=Eclipse Adoptium, RUNTIME_NAME=OpenJDK Runtime Environment, RUNTIME_VERSION=21.0.11+10-LTS, VM_NAME=OpenJDK 64-Bit Server VM, VM_VERSION=21.0.11+10-LTS, VM_VENDOR=Eclipse Adoptium, OS_ARCH=amd64}
Removing 0 daemon stop events from registry
Starting a Gradle Daemon (subsequent builds will be faster)
Starting process 'Gradle build daemon'. Working directory: /opt/gradle/.gradle/daemon/8.7 Command: /usr/lib/jvm/temurin-21-jdk-amd64/bin/java --add-opens=java.base/java.util=ALL-UNNAMED --add-opens=java.base/java.lang=ALL-UNNAMED --add-opens=java.base/java.lang.invoke=ALL-UNNAMED --add-opens=java.prefs/java.util.prefs=ALL-UNNAMED --add-opens=java.base/java.nio.charset=ALL-UNNAMED --add-opens=java.base/java.net=ALL-UNNAMED --add-opens=java.base/java.util.concurrent.atomic=ALL-UNNAMED -Xmx4g -Dfile.encoding=UTF-8 -Duser.country=US -Duser.language=en -Duser.variant -cp /opt/gradle/.gradle/wrapper/dists/gradle-8.7-bin/bhs2wmbdwecv87pi65oeuq5iu/gradle-8.7/lib/gradle-launcher-8.7.jar -javaagent:/opt/gradle/.gradle/wrapper/dists/gradle-8.7-bin/bhs2wmbdwecv87pi65oeuq5iu/gradle-8.7/lib/agents/gradle-instrumentation-agent-8.7.jar org.gradle.launcher.daemon.bootstrap.GradleDaemon 8.7
Successfully started process 'Gradle build daemon'
An attempt to start the daemon took 1.034 secs.
The client will now receive all logging from the daemon (pid: 686). The daemon log file: /opt/gradle/.gradle/daemon/8.7/daemon-686.out.log
Starting build in new daemon [memory: 4 GiB]
Using 4 worker leases.
Received JVM installation metadata from '/usr/lib/jvm/temurin-21-jdk-amd64': {JAVA_HOME=/usr/lib/jvm/temurin-21-jdk-amd64, JAVA_VERSION=21.0.11, JAVA_VENDOR=Eclipse Adoptium, RUNTIME_NAME=OpenJDK Runtime Environment, RUNTIME_VERSION=21.0.11+10-LTS, VM_NAME=OpenJDK 64-Bit Server VM, VM_VERSION=21.0.11+10-LTS, VM_VENDOR=Eclipse Adoptium, OS_ARCH=amd64}
Calculating task graph as no cached configuration is available for tasks: kspDebugKotlin
Watching the file system is configured to be enabled if available
Unable to list file systems to check whether they can be watched. Disabling watching. Reason: Could not query file systems: could not open mount file (errno 2: No such file or directory)
File system watching is inactive
Starting Build
Generating /opt/gradle/.gradle/caches/8.7/generated-gradle-jars/gradle-api-8.7.jar
Cannot use Kotlin build script compile avoidance with /opt/gradle/.gradle/caches/8.7/generated-gradle-jars/gradle-api-8.7.jar: class org/gradle/configurationcache/extensions/AutoCloseableExtensionsKt: inline fun useToRun(): compile avoidance is not supported with public inline functions
Cannot use Kotlin build script compile avoidance with /opt/gradle/.gradle/wrapper/dists/gradle-8.7-bin/bhs2wmbdwecv87pi65oeuq5iu/gradle-8.7/lib/gradle-kotlin-dsl-extensions-8.7.jar: class org/gradle/kotlin/dsl/GradleApiKotlinDslExtensions_1cbh1oqkvm762j10e96dawuh5Kt: inline fun domainObjectContainer(): compile avoidance is not supported with public inline functions
Cannot use Kotlin build script compile avoidance with /opt/gradle/.gradle/wrapper/dists/gradle-8.7-bin/bhs2wmbdwecv87pi65oeuq5iu/gradle-8.7/lib/gradle-kotlin-dsl-8.7.jar: class org/gradle/kotlin/dsl/ArtifactHandlerScope: inline fun invoke(): compile avoidance is not supported with public inline functions
Caching disabled for Kotlin DSL script compilation (Settings/TopLevel/stage1) because:
  Build cache is disabled
Resource missing. [HTTP HEAD: https://repo.maven.apache.org/maven2/org/gradle/toolchains/foojay-resolver-convention/org.gradle.toolchains.foojay-resolver-convention.gradle.plugin/1.0.0/org.gradle.toolchains.foojay-resolver-convention.gradle.plugin-1.0.0.pom]
Found locally available resource with matching checksum: [https://plugins.gradle.org/m2/org/gradle/toolchains/foojay-resolver-convention/org.gradle.toolchains.foojay-resolver-convention.gradle.plugin/1.0.0/org.gradle.toolchains.foojay-resolver-convention.gradle.plugin-1.0.0.pom, /opt/gradle/.gradle/caches/modules-2/files-2.1/org.gradle.toolchains.foojay-resolver-convention/org.gradle.toolchains.foojay-resolver-convention.gradle.plugin/1.0.0/91e01a9c41dbfd22a8cb9ee318e388554b2d72e1/org.gradle.toolchains.foojay-resolver-convention.gradle.plugin-1.0.0.pom]
Resource missing. [HTTP HEAD: https://plugins.gradle.org/m2/org/gradle/toolchains/foojay-resolver-convention/org.gradle.toolchains.foojay-resolver-convention.gradle.plugin/1.0.0/org.gradle.toolchains.foojay-resolver-convention.gradle.plugin-1.0.0.jar]
Resource missing. [HTTP HEAD: https://repo.maven.apache.org/maven2/org/gradle/toolchains/foojay-resolver/1.0.0/foojay-resolver-1.0.0.pom]
Found locally available resource with matching checksum: [https://plugins.gradle.org/m2/org/gradle/toolchains/foojay-resolver/1.0.0/foojay-resolver-1.0.0.pom, /opt/gradle/.gradle/caches/modules-2/files-2.1/org.gradle.toolchains/foojay-resolver/1.0.0/57de20700b98ad32b5eae4095c5d93690ed850c1/foojay-resolver-1.0.0.pom]
Found locally available resource with matching checksum: [https://plugins.gradle.org/m2/org/gradle/toolchains/foojay-resolver/1.0.0/foojay-resolver-1.0.0.module, /opt/gradle/.gradle/caches/modules-2/files-2.1/org.gradle.toolchains/foojay-resolver/1.0.0/a76fe92fbd5951488cacb66e8f8d31c11d30243c/foojay-resolver-1.0.0.module]
Found locally available resource with matching checksum: [https://plugins.gradle.org/m2/org/gradle/toolchains/foojay-resolver/1.0.0/foojay-resolver-1.0.0.jar, /opt/gradle/.gradle/caches/modules-2/files-2.1/org.gradle.toolchains/foojay-resolver/1.0.0/72c0af50bc9156fb2a9429ed152abb4417bb6eaf/foojay-resolver-1.0.0.jar]
Transforming foojay-resolver-1.0.0.jar (org.gradle.toolchains:foojay-resolver:1.0.0) with ExternalDependencyInstrumentingArtifactTransform
Caching disabled for ExternalDependencyInstrumentingArtifactTransform: /opt/gradle/.gradle/caches/modules-2/files-2.1/org.gradle.toolchains/foojay-resolver/1.0.0/72c0af50bc9156fb2a9429ed152abb4417bb6eaf/foojay-resolver-1.0.0.jar because:
  Build cache is disabled
  Caching not enabled.
Caching disabled for Kotlin DSL script compilation (Settings/TopLevel/stage2) because:
  Build cache is disabled
Settings evaluated using settings file '/app/applet/settings.gradle.kts'.
Using local directory build cache for the root build (location = /opt/gradle/.gradle/caches/build-cache-1, removeUnusedEntriesAfter = 7 days).
Caching disabled for generation of dependency accessors for libs because:
  Build cache is disabled
Projects loaded. Root project using build file '/app/applet/build.gradle.kts'.
Included projects: [root project 'Extension Builder', project ':app']

> Configure project :
Evaluating root project 'Extension Builder' using build file '/app/applet/build.gradle.kts'.
Build cache key for Kotlin DSL version catalog plugin accessors for classpath 'f389c3dbb810a78d14a65354fae47b70' is 187faa00c3d1ee339203d8bfdc605cf8
Stored cache entry for Kotlin DSL version catalog plugin accessors for classpath 'f389c3dbb810a78d14a65354fae47b70' with cache key 187faa00c3d1ee339203d8bfdc605cf8
Build cache key for Kotlin DSL plugin specs accessors for classpath 'f389c3dbb810a78d14a65354fae47b70' is 42b69caf10dbbcf24586c06cae169978
Stored cache entry for Kotlin DSL plugin specs accessors for classpath 'f389c3dbb810a78d14a65354fae47b70' with cache key 42b69caf10dbbcf24586c06cae169978
Build cache key for Kotlin DSL script compilation (Project/TopLevel/stage1) is 9e902a42793a8595e33608f20cf6667d
Stored cache entry for Kotlin DSL script compilation (Project/TopLevel/stage1) with cache key 9e902a42793a8595e33608f20cf6667d
Found locally available resource with matching checksum: [https://dl.google.com/dl/android/maven2/com/android/application/com.android.application.gradle.plugin/9.1.1/com.android.application.gradle.plugin-9.1.1.pom, /opt/gradle/.gradle/caches/modules-2/files-2.1/com.android.application/com.android.application.gradle.plugin/9.1.1/50067f16f5d280af66cbf3049d67da3a9ce59af6/com.android.application.gradle.plugin-9.1.1.pom]
Resource missing. [HTTP HEAD: https://dl.google.com/dl/android/maven2/com/android/application/com.android.application.gradle.plugin/9.1.1/com.android.application.gradle.plugin-9.1.1.jar]
Downloading https://repo.maven.apache.org/maven2/org/jetbrains/kotlin/plugin/compose/org.jetbrains.kotlin.plugin.compose.gradle.plugin/2.0.21/org.jetbrains.kotlin.plugin.compose.gradle.plugin-2.0.21.pom to /opt/gradle/.gradle/.tmp/gradle_download4032553988109185722bin
Resource missing. [HTTP HEAD: https://repo.maven.apache.org/maven2/org/jetbrains/kotlin/plugin/compose/org.jetbrains.kotlin.plugin.compose.gradle.plugin/2.0.21/org.jetbrains.kotlin.plugin.compose.gradle.plugin-2.0.21.jar]
Resource missing. [HTTP GET: https://dl.google.com/dl/android/maven2/com/google/devtools/ksp/com.google.devtools.ksp.gradle.plugin/2.0.21-1.0.27/com.google.devtools.ksp.gradle.plugin-2.0.21-1.0.27.pom]
Downloading https://repo.maven.apache.org/maven2/com/google/devtools/ksp/com.google.devtools.ksp.gradle.plugin/2.0.21-1.0.27/com.google.devtools.ksp.gradle.plugin-2.0.21-1.0.27.pom to /opt/gradle/.gradle/.tmp/gradle_download13678764622839598994bin
Resource missing. [HTTP HEAD: https://repo.maven.apache.org/maven2/com/google/devtools/ksp/com.google.devtools.ksp.gradle.plugin/2.0.21-1.0.27/com.google.devtools.ksp.gradle.plugin-2.0.21-1.0.27.jar]
Found locally available resource with matching checksum: [https://repo.maven.apache.org/maven2/io/github/takahirom/roborazzi/io.github.takahirom.roborazzi.gradle.plugin/1.59.0/io.github.takahirom.roborazzi.gradle.plugin-1.59.0.pom, /opt/gradle/.gradle/caches/modules-2/files-2.1/io.github.takahirom.roborazzi/io.github.takahirom.roborazzi.gradle.plugin/1.59.0/11f58aba88f4ed4bd216ef1300ffc823c99187cf/io.github.takahirom.roborazzi.gradle.plugin-1.59.0.pom]
Resource missing. [HTTP HEAD: https://repo.maven.apache.org/maven2/io/github/takahirom/roborazzi/io.github.takahirom.roborazzi.gradle.plugin/1.59.0/io.github.takahirom.roborazzi.gradle.plugin-1.59.0.jar]
Found locally available resource with matching checksum: [https://dl.google.com/dl/android/maven2/com/google/android/libraries/mapsplatform/secrets-gradle-plugin/com.google.android.libraries.mapsplatform.secrets-gradle-plugin.gradle.plugin/2.0.1/com.google.android.libraries.mapsplatform.secrets-gradle-plugin.gradle.plugin-2.0.1.pom, /opt/gradle/.gradle/caches/modules-2/files-2.1/com.google.android.libraries.mapsplatform.secrets-gradle-plugin/com.google.android.libraries.mapsplatform.secrets-gradle-plugin.gradle.plugin/2.0.1/c50dbd035483dd2908d7c139d3db9532da3cec50/com.google.android.libraries.mapsplatform.secrets-gradle-plugin.gradle.plugin-2.0.1.pom]
Resource missing. [HTTP HEAD: https://dl.google.com/dl/android/maven2/com/google/android/libraries/mapsplatform/secrets-gradle-plugin/com.google.android.libraries.mapsplatform.secrets-gradle-plugin.gradle.plugin/2.0.1/com.google.android.libraries.mapsplatform.secrets-gradle-plugin.gradle.plugin-2.0.1.jar]
Found locally available resource with matching checksum: [https://dl.google.com/dl/android/maven2/com/google/gms/google-services/com.google.gms.google-services.gradle.plugin/4.5.0/com.google.gms.google-services.gradle.plugin-4.5.0.pom, /opt/gradle/.gradle/caches/modules-2/files-2.1/com.google.gms.google-services/com.google.gms.google-services.gradle.plugin/4.5.0/a942c2cdf3a83bd16bc7a435a1a0c9ebed9e48d2/com.google.gms.google-services.gradle.plugin-4.5.0.pom]
Resource missing. [HTTP HEAD: https://dl.google.com/dl/android/maven2/com/google/gms/google-services/com.google.gms.google-services.gradle.plugin/4.5.0/com.google.gms.google-services.gradle.plugin-4.5.0.jar]
Resource missing. [HTTP HEAD: https://dl.google.com/dl/android/maven2/com/google/dagger/hilt/android/com.google.dagger.hilt.android.gradle.plugin/2.60.1/com.google.dagger.hilt.android.gradle.plugin-2.60.1.pom]
Found locally available resource with matching checksum: [https://repo.maven.apache.org/maven2/com/google/dagger/hilt/android/com.google.dagger.hilt.android.gradle.plugin/2.60.1/com.google.dagger.hilt.android.gradle.plugin-2.60.1.pom, /opt/gradle/.gradle/caches/modules-2/files-2.1/com.google.dagger.hilt.android/com.google.dagger.hilt.android.gradle.plugin/2.60.1/8035e2f90579fbd38381665fc4868f819c4febf7/com.google.dagger.hilt.android.gradle.plugin-2.60.1.pom]
Found locally available resource with matching checksum: [https://repo.maven.apache.org/maven2/org/sonatype/oss/oss-parent/7/oss-parent-7.pom, /opt/gradle/.gradle/caches/modules-2/files-2.1/org.sonatype.oss/oss-parent/7/46b8a785b60a2767095b8611613b58577e96d4c9/oss-parent-7.pom]
Resource missing. [HTTP HEAD: https://repo.maven.apache.org/maven2/com/google/dagger/hilt/android/com.google.dagger.hilt.android.gradle.plugin/2.60.1/com.google.dagger.hilt.android.gradle.plugin-2.60.1.jar]
Found locally available resource with matching checksum: [https://repo.maven.apache.org/maven2/org/jetbrains/kotlin/plugin/serialization/org.jetbrains.kotlin.plugin.serialization.gradle.plugin/2.0.21/org.jetbrains.kotlin.plugin.serialization.gradle.plugin-2.0.21.pom, /opt/gradle/.gradle/caches/modules-2/files-2.1/org.jetbrains.kotlin.plugin.serialization/org.jetbrains.kotlin.plugin.serialization.gradle.plugin/2.0.21/787b0805679da1d854151c5e2a808d3fed545d1a/org.jetbrains.kotlin.plugin.serialization.gradle.plugin-2.0.21.pom]
Resource missing. [HTTP HEAD: https://repo.maven.apache.org/maven2/org/jetbrains/kotlin/plugin/serialization/org.jetbrains.kotlin.plugin.serialization.gradle.plugin/2.0.21/org.jetbrains.kotlin.plugin.serialization.gradle.plugin-2.0.21.jar]
Found locally available resource with matching checksum: [https://dl.google.com/dl/android/maven2/com/android/tools/build/gradle/9.1.1/gradle-9.1.1.pom, /opt/gradle/.gradle/caches/modules-2/files-2.1/com.android.tools.build/gradle/9.1.1/900889e6e406c2e232a0044d0afefd663f134302/gradle-9.1.1.pom]
Found locally available resource with matching checksum: [https://dl.google.com/dl/android/maven2/com/android/tools/build/gradle/9.1.1/gradle-9.1.1.module, /opt/gradle/.gradle/caches/modules-2/files-2.1/com.android.tools.build/gradle/9.1.1/8d451cb41bca50c34d04ebbb119f1203fb8e1e5d/gradle-9.1.1.module]
Downloading https://repo.maven.apache.org/maven2/org/jetbrains/kotlin/compose-compiler-gradle-plugin/2.0.21/compose-compiler-gradle-plugin-2.0.21.pom to /opt/gradle/.gradle/.tmp/gradle_download1510208937702233712bin
Found locally available resource with matching checksum: [https://repo.maven.apache.org/maven2/org/jetbrains/kotlin/kotlin-gradle-plugins-bom/2.0.21/kotlin-gradle-plugins-bom-2.0.21.pom, /opt/gradle/.gradle/caches/modules-2/files-2.1/org.jetbrains.kotlin/kotlin-gradle-plugins-bom/2.0.21/5371cc54e8e549bf99b5d3c5cb9e8a8f0b09b8f2/kotlin-gradle-plugins-bom-2.0.21.pom]
Found locally available resource with matching checksum: [https://repo.maven.apache.org/maven2/org/jetbrains/kotlin/kotlin-gradle-plugins-bom/2.0.21/kotlin-gradle-plugins-bom-2.0.21.module, /opt/gradle/.gradle/caches/modules-2/files-2.1/org.jetbrains.kotlin/kotlin-gradle-plugins-bom/2.0.21/4361c104359fac6e6dcf13fb22686ce1d7f06a1b/kotlin-gradle-plugins-bom-2.0.21.module]
Downloading https://repo.maven.apache.org/maven2/org/jetbrains/kotlin/compose-compiler-gradle-plugin/2.0.21/compose-compiler-gradle-plugin-2.0.21.module to /opt/gradle/.gradle/.tmp/gradle_download1419395807471044466bin
Resource missing. [HTTP GET: https://dl.google.com/dl/android/maven2/com/google/devtools/ksp/symbol-processing-gradle-plugin/2.0.21-1.0.27/symbol-processing-gradle-plugin-2.0.21-1.0.27.pom]
Downloading https://repo.maven.apache.org/maven2/com/google/devtools/ksp/symbol-processing-gradle-plugin/2.0.21-1.0.27/symbol-processing-gradle-plugin-2.0.21-1.0.27.pom to /opt/gradle/.gradle/.tmp/gradle_download12870546718543785415bin
Downloading https://repo.maven.apache.org/maven2/com/google/devtools/ksp/symbol-processing-gradle-plugin/2.0.21-1.0.27/symbol-processing-gradle-plugin-2.0.21-1.0.27.module to /opt/gradle/.gradle/.tmp/gradle_download16924463081402199605bin
Found locally available resource with matching checksum: [https://repo.maven.apache.org/maven2/io/github/takahirom/roborazzi/roborazzi-gradle-plugin/1.59.0/roborazzi-gradle-plugin-1.59.0.pom, /opt/gradle/.gradle/caches/modules-2/files-2.1/io.github.takahirom.roborazzi/roborazzi-gradle-plugin/1.59.0/7ab691203418a7c0e68af5d098190d2993212822/roborazzi-gradle-plugin-1.59.0.pom]
Found locally available resource with matching checksum: [https://repo.maven.apache.org/maven2/io/github/takahirom/roborazzi/roborazzi-gradle-plugin/1.59.0/roborazzi-gradle-plugin-1.59.0.module, /opt/gradle/.gradle/caches/modules-2/files-2.1/io.github.takahirom.roborazzi/roborazzi-gradle-plugin/1.59.0/e79d505ead173dd96ff09fd8347333f85486c612/roborazzi-gradle-plugin-1.59.0.module]
Found locally available resource with matching checksum: [https://dl.google.com/dl/android/maven2/com/google/android/libraries/mapsplatform/secrets-gradle-plugin/secrets-gradle-plugin/2.0.1/secrets-gradle-plugin-2.0.1.pom, /opt/gradle/.gradle/caches/modules-2/files-2.1/com.google.android.libraries.mapsplatform.secrets-gradle-plugin/secrets-gradle-plugin/2.0.1/eca48012b734f4c4d8845e7d9969bb1ef27ce014/secrets-gradle-plugin-2.0.1.pom]
Found locally available resource with matching checksum: [https://dl.google.com/dl/android/maven2/com/google/android/libraries/mapsplatform/secrets-gradle-plugin/secrets-gradle-plugin/2.0.1/secrets-gradle-plugin-2.0.1.module, /opt/gradle/.gradle/caches/modules-2/files-2.1/com.google.android.libraries.mapsplatform.secrets-gradle-plugin/secrets-gradle-plugin/2.0.1/6072e5466241b9bcb5696c7be2df7d37b0beeae6/secrets-gradle-plugin-2.0.1.module]
Found locally available resource with matching checksum: [https://dl.google.com/dl/android/maven2/com/google/gms/google-services/4.5.0/google-services-4.5.0.pom, /opt/gradle/.gradle/caches/modules-2/files-2.1/com.google.gms/google-services/4.5.0/91977916590a23b80358926d3cacb63cfd74ccdf/google-services-4.5.0.pom]
Found locally available resource with matching checksum: [https://dl.google.com/dl/android/maven2/com/google/gms/google-services/4.5.0/google-services-4.5.0.module, /opt/gradle/.gradle/caches/modules-2/files-2.1/com.google.gms/google-services/4.5.0/ee9ab6b1e5a8f4dbe1d46fea0c73cb2c52c839b9/google-services-4.5.0.module]
Resource missing. [HTTP HEAD: https://dl.google.com/dl/android/maven2/com/google/dagger/hilt-android-gradle-plugin/2.60.1/hilt-android-gradle-plugin-2.60.1.pom]
Found locally available resource with matching checksum: [https://repo.maven.apache.org/maven2/com/google/dagger/hilt-android-gradle-plugin/2.60.1/hilt-android-gradle-plugin-2.60.1.pom, /opt/gradle/.gradle/caches/modules-2/files-2.1/com.google.dagger/hilt-android-gradle-plugin/2.60.1/26dd333b838e5f60de786737e8ddc2e6d5e3e000/hilt-android-gradle-plugin-2.60.1.pom]
Found locally available resource with matching checksum: [https://repo.maven.apache.org/maven2/org/jetbrains/kotlin/kotlin-bom/2.3.21/kotlin-bom-2.3.21.pom, /opt/gradle/.gradle/caches/modules-2/files-2.1/org.jetbrains.kotlin/kotlin-bom/2.3.21/ea17901b4a3c4cccd4aa42cbc4b488aee30dfa87/kotlin-bom-2.3.21.pom]
Found locally available resource with matching checksum: [https://repo.maven.apache.org/maven2/org/jetbrains/kotlin/kotlin-serialization/2.0.21/kotlin-serialization-2.0.21.pom, /opt/gradle/.gradle/caches/modules-2/files-2.1/org.jetbrains.kotlin/kotlin-serialization/2.0.21/791988a886acb445c5fbeccfe64dc56b6d043953/kotlin-serialization-2.0.21.pom]
Found locally available resource with matching checksum: [https://repo.maven.apache.org/maven2/org/jetbrains/kotlin/kotlin-serialization/2.0.21/kotlin-serialization-2.0.21.module, /opt/gradle/.gradle/caches/modules-2/files-2.1/org.jetbrains.kotlin/kotlin-serialization/2.0.21/f13db6b6a02ba78066d6576493cf78326fd922ce/kotlin-serialization-2.0.21.module]
Resource missing. [HTTP GET: https://dl.google.com/dl/android/maven2/com/google/devtools/ksp/symbol-processing-gradle-plugin/2.2.10-2.0.2/symbol-processing-gradle-plugin-2.2.10-2.0.2.pom]
Downloading https://repo.maven.apache.org/maven2/com/google/devtools/ksp/symbol-processing-gradle-plugin/2.2.10-2.0.2/symbol-processing-gradle-plugin-2.2.10-2.0.2.pom to /opt/gradle/.gradle/.tmp/gradle_download18097464756296664951bin
Downloading https://repo.maven.apache.org/maven2/com/google/devtools/ksp/symbol-processing-gradle-plugin/2.2.10-2.0.2/symbol-processing-gradle-plugin-2.2.10-2.0.2.module to /opt/gradle/.gradle/.tmp/gradle_download9018104300028814349bin
Found locally available resource with matching checksum: [https://dl.google.com/dl/android/maven2/com/android/tools/repository/32.1.1/repository-32.1.1.pom, /opt/gradle/.gradle/caches/modules-2/files-2.1/com.android.tools/repository/32.1.1/245800d806cbb3e94b73eef71a265ab3e6671c79/repository-32.1.1.pom]
Found locally available resource with matching checksum: [https://dl.google.com/dl/android/maven2/com/android/tools/sdklib/32.1.1/sdklib-32.1.1.pom, /opt/gradle/.gradle/caches/modules-2/files-2.1/com.android.tools/sdklib/32.1.1/96032cb09c03e05ed515b0ec9de59afda72168e4/sdklib-32.1.1.pom]
Found locally available resource with matching checksum: [https://dl.google.com/dl/android/maven2/com/android/tools/sdk-common/32.1.1/sdk-common-32.1.1.pom, /opt/gradle/.gradle/caches/modules-2/files-2.1/com.android.tools/sdk-common/32.1.1/8fa16c78a72aef93c6f4e2470a6a8c1f3d400645/sdk-common-32.1.1.pom]
Found locally available resource with matching checksum: [https://dl.google.com/dl/android/maven2/com/android/tools/build/gradle-settings-api/9.1.1/gradle-settings-api-9.1.1.pom, /opt/gradle/.gradle/caches/modules-2/files-2.1/com.android.tools.build/gradle-settings-api/9.1.1/39af37014913bf278629c9e5a3f924eeaf263fd7/gradle-settings-api-9.1.1.pom]
Found locally available resource with matching checksum: [https://dl.google.com/dl/android/maven2/com/android/tools/build/aaptcompiler/9.1.1/aaptcompiler-9.1.1.pom, /opt/gradle/.gradle/caches/modules-2/files-2.1/com.android.tools.build/aaptcompiler/9.1.1/da614bb5ddfe5a2c5cf9e7fe5d1ca709f4b0dc9c/aaptcompiler-9.1.1.pom]
Found locally available resource with matching checksum: [https://dl.google.com/dl/android/maven2/com/android/tools/build/gradle-settings-api/9.1.1/gradle-settings-api-9.1.1.module, /opt/gradle/.gradle/caches/modules-2/files-2.1/com.android.tools.build/gradle-settings-api/9.1.1/a72b3636e4cd4c45a06ab0e2077beae2c2e7ce09/gradle-settings-api-9.1.1.module]
Found locally available resource with matching checksum: [https://dl.google.com/dl/android/maven2/com/android/tools/build/aapt2-proto/9.1.1-14792394/aapt2-proto-9.1.1-14792394.pom, /opt/gradle/.gradle/caches/modules-2/files-2.1/com.android.tools.build/aapt2-proto/9.1.1-14792394/d5dca9542bc20d14f31e252c83943da49579e2e8/aapt2-proto-9.1.1-14792394.pom]
Found locally available resource with matching checksum: [https://dl.google.com/dl/android/maven2/com/android/tools/ddms/ddmlib/32.1.1/ddmlib-32.1.1.pom, /opt/gradle/.gradle/caches/modules-2/files-2.1/com.android.tools.ddms/ddmlib/32.1.1/211040abe332e20845a8481d334c1c61bba8f8ac/ddmlib-32.1.1.pom]
Found locally available resource with matching checksum: [https://dl.google.com/dl/android/maven2/com/android/tools/build/aaptcompiler/9.1.1/aaptcompiler-9.1.1.module, /opt/gradle/.gradle/caches/modules-2/files-2.1/com.android.tools.build/aaptcompiler/9.1.1/29271b7cf8c8f2d4205d95867881a9a3c877ffe6/aaptcompiler-9.1.1.module]
Found locally available resource with matching checksum: [https://dl.google.com/dl/android/maven2/com/android/tools/analytics-library/crash/32.1.1/crash-32.1.1.pom, /opt/gradle/.gradle/caches/modules-2/files-2.1/com.android.tools.analytics-library/crash/32.1.1/ada01b8cf8933f3404c45991fd325d9be8f2a44a/crash-32.1.1.pom]
Found locally available resource with matching checksum: [https://dl.google.com/dl/android/maven2/com/android/tools/analytics-library/shared/32.1.1/shared-32.1.1.pom, /opt/gradle/.gradle/caches/modules-2/files-2.1/com.android.tools.analytics-library/shared/32.1.1/811521378b609de94064cc9f8faec20ed9446f64/shared-32.1.1.pom]
Found locally available resource with matching checksum: [https://dl.google.com/dl/android/maven2/com/android/tools/lint/lint-typedef-remover/32.1.1/lint-typedef-remover-32.1.1.pom, /opt/gradle/.gradle/caches/modules-2/files-2.1/com.android.tools.lint/lint-typedef-remover/32.1.1/7a30c19d33d08e6c15806b9081a17c8ccccb759d/lint-typedef-remover-32.1.1.pom]
Found locally available resource with matching checksum: [https://dl.google.com/dl/android/maven2/com/android/tools/build/aapt2-proto/9.1.1-14792394/aapt2-proto-9.1.1-14792394.module, /opt/gradle/.gradle/caches/modules-2/files-2.1/com.android.tools.build/aapt2-proto/9.1.1-14792394/8987b18085dc05516cf878ff71f8a223ebd481ef/aapt2-proto-9.1.1-14792394.module]
Found locally available resource with matching checksum: [https://dl.google.com/dl/android/maven2/com/android/tools/lint/lint-model/32.1.1/lint-model-32.1.1.pom, /opt/gradle/.gradle/caches/modules-2/files-2.1/com.android.tools.lint/lint-model/32.1.1/b4d7633e74a24d6f6c9a02289065e864ddc57a94/lint-model-32.1.1.pom]
Found locally available resource with matching checksum: [https://dl.google.com/dl/android/maven2/com/android/databinding/baseLibrary/9.1.1/baseLibrary-9.1.1.pom, /opt/gradle/.gradle/caches/modules-2/files-2.1/com.android.databinding/baseLibrary/9.1.1/232b05011378bbb9638e3bcfe5270c8c81773100/baseLibrary-9.1.1.pom]
Found locally available resource with matching checksum: [https://dl.google.com/dl/android/maven2/com/android/tools/build/builder-test-api/9.1.1/builder-test-api-9.1.1.pom, /opt/gradle/.gradle/caches/modules-2/files-2.1/com.android.tools.build/builder-test-api/9.1.1/aae6925bc1ffc230b107f96f8bc1936c52e1d02b/builder-test-api-9.1.1.pom]
Found locally available resource with matching checksum: [https://dl.google.com/dl/android/maven2/com/android/tools/layoutlib/layoutlib-api/32.1.1/layoutlib-api-32.1.1.pom, /opt/gradle/.gradle/caches/modules-2/files-2.1/com.android.tools.layoutlib/layoutlib-api/32.1.1/c7eadb653e5f2f0001e33653df917c78f386191d/layoutlib-api-32.1.1.pom]
Found locally available resource with matching checksum: [https://dl.google.com/dl/android/maven2/androidx/databinding/databinding-common/9.1.1/databinding-common-9.1.1.pom, /opt/gradle/.gradle/caches/modules-2/files-2.1/androidx.databinding/databinding-common/9.1.1/b754fdf2842a069b998477ccd391e28b132130ec/databinding-common-9.1.1.pom]
Found locally available resource with matching checksum: [https://dl.google.com/dl/android/maven2/androidx/databinding/databinding-compiler-common/9.1.1/databinding-compiler-common-9.1.1.pom, /opt/gradle/.gradle/caches/modules-2/files-2.1/androidx.databinding/databinding-compiler-common/9.1.1/ef118b60b6a99256c9d485985923b40356abf36c/databinding-compiler-common-9.1.1.pom]
Found locally available resource with matching checksum: [https://dl.google.com/dl/android/maven2/com/android/tools/build/bundletool/1.18.3/bundletool-1.18.3.pom, /opt/gradle/.gradle/caches/modules-2/files-2.1/com.android.tools.build/bundletool/1.18.3/84193ff22d1ed358f3c87bd47b530503f6327891/bundletool-1.18.3.pom]
Found locally available resource with matching checksum: [https://dl.google.com/dl/android/maven2/com/android/tools/build/builder-test-api/9.1.1/builder-test-api-9.1.1.module, /opt/gradle/.gradle/caches/modules-2/files-2.1/com.android.tools.build/builder-test-api/9.1.1/69687e8dd47d878b64acb679ce3d1025ee7109bc/builder-test-api-9.1.1.module]
Found locally available resource with matching checksum: [https://dl.google.com/dl/android/maven2/com/android/tools/build/jetifier/jetifier-processor/1.0.0-beta10/jetifier-processor-1.0.0-beta10.pom, /opt/gradle/.gradle/caches/modules-2/files-2.1/com.android.tools.build.jetifier/jetifier-processor/1.0.0-beta10/ef909fba0e8e31b04e88b96ac2a01b46c395c9f/jetifier-processor-1.0.0-beta10.pom]
Resource missing. [HTTP HEAD: https://dl.google.com/dl/android/maven2/com/google/protobuf/protobuf-java/3.25.5/protobuf-java-3.25.5.pom]
Found locally available resource with matching checksum: [https://dl.google.com/dl/android/maven2/com/android/tools/build/jetifier/jetifier-core/1.0.0-beta10/jetifier-core-1.0.0-beta10.pom, /opt/gradle/.gradle/caches/modules-2/files-2.1/com.android.tools.build.jetifier/jetifier-core/1.0.0-beta10/a05601d691cb5b3175469dad16d7b507e122161f/jetifier-core-1.0.0-beta10.pom]
Found locally available resource with matching checksum: [https://dl.google.com/dl/android/maven2/com/android/tools/build/jetifier/jetifier-processor/1.0.0-beta10/jetifier-processor-1.0.0-beta10.module, /opt/gradle/.gradle/caches/modules-2/files-2.1/com.android.tools.build.jetifier/jetifier-processor/1.0.0-beta10/e2bc65203be6634db858f565b4318d5eb2798e64/jetifier-processor-1.0.0-beta10.module]
Found locally available resource with matching checksum: [https://repo.maven.apache.org/maven2/com/google/protobuf/protobuf-java/3.25.5/protobuf-java-3.25.5.pom, /opt/gradle/.gradle/caches/modules-2/files-2.1/com.google.protobuf/protobuf-java/3.25.5/2c4a0bfc6a807df9b919b366d15f4904b3bd0170/protobuf-java-3.25.5.pom]
Found locally available resource with matching checksum: [https://dl.google.com/dl/android/maven2/com/android/tools/build/jetifier/jetifier-core/1.0.0-beta10/jetifier-core-1.0.0-beta10.module, /opt/gradle/.gradle/caches/modules-2/files-2.1/com.android.tools.build.jetifier/jetifier-core/1.0.0-beta10/df2cc641b26756fd3daf9dd8f69ff81a886b2610/jetifier-core-1.0.0-beta10.module]
Resource missing. [HTTP HEAD: https://dl.google.com/dl/android/maven2/com/google/protobuf/protobuf-java-util/3.25.5/protobuf-java-util-3.25.5.pom]
Resource missing. [HTTP HEAD: https://dl.google.com/dl/android/maven2/com/google/protobuf/protobuf-parent/3.25.5/protobuf-parent-3.25.5.pom]
Resource missing. [HTTP HEAD: https://dl.google.com/dl/android/maven2/com/google/code/gson/gson/2.11.0/gson-2.11.0.pom]
Found locally available resource with matching checksum: [https://dl.google.com/dl/android/maven2/com/android/tools/utp/gradle-work-action-api/32.1.1/gradle-work-action-api-32.1.1.pom, /opt/gradle/.gradle/caches/modules-2/files-2.1/com.android.tools.utp/gradle-work-action-api/32.1.1/1810bff597e0241902c264f492b888aaa2430b18/gradle-work-action-api-32.1.1.pom]
Found locally available resource with matching checksum: [https://repo.maven.apache.org/maven2/com/google/protobuf/protobuf-java-util/3.25.5/protobuf-java-util-3.25.5.pom, /opt/gradle/.gradle/caches/modules-2/files-2.1/com.google.protobuf/protobuf-java-util/3.25.5/2fd002f689dead93bf55c1a0b023ba67fe7155be/protobuf-java-util-3.25.5.pom]
Found locally available resource with matching checksum: [https://repo.maven.apache.org/maven2/com/google/protobuf/protobuf-parent/3.25.5/protobuf-parent-3.25.5.pom, /opt/gradle/.gradle/caches/modules-2/files-2.1/com.google.protobuf/protobuf-parent/3.25.5/fefa8b2e68e227b4b32f795d4206c70558eb07ef/protobuf-parent-3.25.5.pom]
Found locally available resource with matching checksum: [https://repo.maven.apache.org/maven2/com/google/code/gson/gson/2.11.0/gson-2.11.0.pom, /opt/gradle/.gradle/caches/modules-2/files-2.1/com.google.code.gson/gson/2.11.0/55796dd7cc329027df79e96c4e6631e3c02c93c5/gson-2.11.0.pom]
Resource missing. [HTTP HEAD: https://dl.google.com/dl/android/maven2/com/google/protobuf/protobuf-bom/3.25.5/protobuf-bom-3.25.5.pom]
Resource missing. [HTTP HEAD: https://dl.google.com/dl/android/maven2/com/google/code/gson/gson-parent/2.11.0/gson-parent-2.11.0.pom]
Found locally available resource with matching checksum: [https://repo.maven.apache.org/maven2/com/google/protobuf/protobuf-bom/3.25.5/protobuf-bom-3.25.5.pom, /opt/gradle/.gradle/caches/modules-2/files-2.1/com.google.protobuf/protobuf-bom/3.25.5/1da93689fa589dc4dc5dce60844b47d28105842c/protobuf-bom-3.25.5.pom]
Found locally available resource with matching checksum: [https://repo.maven.apache.org/maven2/com/google/code/gson/gson-parent/2.11.0/gson-parent-2.11.0.pom, /opt/gradle/.gradle/caches/modules-2/files-2.1/com.google.code.gson/gson-parent/2.11.0/b32d3bc5c89c852efe4c176df6c3fdeccbe150ef/gson-parent-2.11.0.pom]
Resource missing. [HTTP HEAD: https://dl.google.com/dl/android/maven2/com/google/crypto/tink/tink/1.7.0/tink-1.7.0.pom]
Found locally available resource with matching checksum: [https://dl.google.com/dl/android/maven2/com/android/tools/utp/gradle-work-action-api/32.1.1/gradle-work-action-api-32.1.1.module, /opt/gradle/.gradle/caches/modules-2/files-2.1/com.android.tools.utp/gradle-work-action-api/32.1.1/4ef3814639d522a54834890c9099292784100d3d/gradle-work-action-api-32.1.1.module]
Found locally available resource with matching checksum: [https://repo.maven.apache.org/maven2/com/google/crypto/tink/tink/1.7.0/tink-1.7.0.pom, /opt/gradle/.gradle/caches/modules-2/files-2.1/com.google.crypto.tink/tink/1.7.0/a8cba5b72a24f8adbd86d4e3172c01337ed0d4e0/tink-1.7.0.pom]
Found locally available resource with matching checksum: [https://dl.google.com/dl/android/maven2/com/android/tools/build/builder-model/9.1.1/builder-model-9.1.1.pom, /opt/gradle/.gradle/caches/modules-2/files-2.1/com.android.tools.build/builder-model/9.1.1/8765efcb06c56a53264e943c2005f5127aeab13d/builder-model-9.1.1.pom]
Found locally available resource with matching checksum: [https://dl.google.com/dl/android/maven2/com/android/tools/build/builder/9.1.1/builder-9.1.1.pom, /opt/gradle/.gradle/caches/modules-2/files-2.1/com.android.tools.build/builder/9.1.1/852295a68e29ef83159d7681e3d8836bc6574d08/builder-9.1.1.pom]
Found locally available resource with matching checksum: [https://dl.google.com/dl/android/maven2/com/android/tools/build/gradle-api/9.1.1/gradle-api-9.1.1.pom, /opt/gradle/.gradle/caches/modules-2/files-2.1/com.android.tools.build/gradle-api/9.1.1/651d9f70f055d86c669c71a37a3c819a1b91c652/gradle-api-9.1.1.pom]
Found locally available resource with matching checksum: [https://dl.google.com/dl/android/maven2/com/android/tools/build/builder-model/9.1.1/builder-model-9.1.1.module, /opt/gradle/.gradle/caches/modules-2/files-2.1/com.android.tools.build/builder-model/9.1.1/9d07189efe20d9a8980cdb01555010a238bffb4/builder-model-9.1.1.module]
Found locally available resource with matching checksum: [https://dl.google.com/dl/android/maven2/com/android/tools/build/builder/9.1.1/builder-9.1.1.module, /opt/gradle/.gradle/caches/modules-2/files-2.1/com.android.tools.build/builder/9.1.1/3cad5f9c854c191434d4a63a152dea08f6f1643e/builder-9.1.1.module]
Found locally available resource with matching checksum: [https://dl.google.com/dl/android/maven2/com/android/tools/build/gradle-api/9.1.1/gradle-api-9.1.1.module, /opt/gradle/.gradle/caches/modules-2/files-2.1/com.android.tools.build/gradle-api/9.1.1/ce46c783b8825967c44a05d0d12d5d48397fb3b5/gradle-api-9.1.1.module]
Found locally available resource with matching checksum: [https://repo.maven.apache.org/maven2/org/apache/httpcomponents/httpmime/4.5.6/httpmime-4.5.6.pom, /opt/gradle/.gradle/caches/modules-2/files-2.1/org.apache.httpcomponents/httpmime/4.5.6/b9dcad423fba1978379049cf0cf3cf535c667af7/httpmime-4.5.6.pom]
Found locally available resource with matching checksum: [https://repo.maven.apache.org/maven2/org/apache/httpcomponents/httpcomponents-client/4.5.6/httpcomponents-client-4.5.6.pom, /opt/gradle/.gradle/caches/modules-2/files-2.1/org.apache.httpcomponents/httpcomponents-client/4.5.6/135a0a91d1ad2909b08196580ef2c363932bb87e/httpcomponents-client-4.5.6.pom]
Found locally available resource with matching checksum: [https://repo.maven.apache.org/maven2/org/apache/httpcomponents/httpcomponents-parent/10/httpcomponents-parent-10.pom, /opt/gradle/.gradle/caches/modules-2/files-2.1/org.apache.httpcomponents/httpcomponents-parent/10/1ba3c5940f24525444492ae12b6a1015df8a477b/httpcomponents-parent-10.pom]
Found locally available resource with matching checksum: [https://repo.maven.apache.org/maven2/org/apache/apache/18/apache-18.pom, /opt/gradle/.gradle/caches/modules-2/files-2.1/org.apache/apache/18/bd408bbea3840f2c7f914b29403e39a90f84fd5f/apache-18.pom]
Found locally available resource with matching checksum: [https://repo.maven.apache.org/maven2/commons-io/commons-io/2.16.1/commons-io-2.16.1.pom, /opt/gradle/.gradle/caches/modules-2/files-2.1/commons-io/commons-io/2.16.1/553d6f69e338060a231755afe0ebf99d14b45da6/commons-io-2.16.1.pom]
Found locally available resource with matching checksum: [https://repo.maven.apache.org/maven2/org/apache/commons/commons-parent/69/commons-parent-69.pom, /opt/gradle/.gradle/caches/modules-2/files-2.1/org.apache.commons/commons-parent/69/6ebeacd37818d945d96c06b44af10e050d2ef7c4/commons-parent-69.pom]
Found locally available resource with matching checksum: [https://repo.maven.apache.org/maven2/org/apache/apache/31/apache-31.pom, /opt/gradle/.gradle/caches/modules-2/files-2.1/org.apache/apache/31/9009cbdad2b69835f2df9265794c8ab50cf4dce1/apache-31.pom]
Found locally available resource with matching checksum: [https://repo.maven.apache.org/maven2/org/junit/junit-bom/5.10.2/junit-bom-5.10.2.pom, /opt/gradle/.gradle/caches/modules-2/files-2.1/org.junit/junit-bom/5.10.2/b25ed98a5bd08cdda60e569cf22822a760e76019/junit-bom-5.10.2.pom]
Found locally available resource with matching checksum: [https://repo.maven.apache.org/maven2/org/junit/junit-bom/5.10.2/junit-bom-5.10.2.module, /opt/gradle/.gradle/caches/modules-2/files-2.1/org.junit/junit-bom/5.10.2/ce536748a853ae6ac09e7815fce0678a96cff778/junit-bom-5.10.2.module]
Found locally available resource with matching checksum: [https://repo.maven.apache.org/maven2/org/ow2/asm/asm/9.9/asm-9.9.pom, /opt/gradle/.gradle/caches/modules-2/files-2.1/org.ow2.asm/asm/9.9/6be75cdd226790754abd862eca949e7b8d1f98a3/asm-9.9.pom]
Found locally available resource with matching checksum: [https://repo.maven.apache.org/maven2/org/ow2/ow2/1.5.1/ow2-1.5.1.pom, /opt/gradle/.gradle/caches/modules-2/files-2.1/org.ow2/ow2/1.5.1/bda66fa5f1b68fa7d2de3d569bdc8508b2af82d4/ow2-1.5.1.pom]
Found locally available resource with matching checksum: [https://repo.maven.apache.org/maven2/org/ow2/asm/asm-analysis/9.9/asm-analysis-9.9.pom, /opt/gradle/.gradle/caches/modules-2/files-2.1/org.ow2.asm/asm-analysis/9.9/904d037a3b4f4d72ea24f220a35143588351c48f/asm-analysis-9.9.pom]
Found locally available resource with matching checksum: [https://repo.maven.apache.org/maven2/org/ow2/asm/asm-commons/9.9/asm-commons-9.9.pom, /opt/gradle/.gradle/caches/modules-2/files-2.1/org.ow2.asm/asm-commons/9.9/ddc3d39d810a7ab2b48838dc409160d50973d8cd/asm-commons-9.9.pom]
Found locally available resource with matching checksum: [https://repo.maven.apache.org/maven2/org/ow2/asm/asm-util/9.9/asm-util-9.9.pom, /opt/gradle/.gradle/caches/modules-2/files-2.1/org.ow2.asm/asm-util/9.9/c04c21f71b58649ba15eee7e8b6aae28f6427996/asm-util-9.9.pom]
Found locally available resource with matching checksum: [https://repo.maven.apache.org/maven2/org/glassfish/jaxb/jaxb-runtime/2.3.2/jaxb-runtime-2.3.2.pom, /opt/gradle/.gradle/caches/modules-2/files-2.1/org.glassfish.jaxb/jaxb-runtime/2.3.2/f46a0f023205138c366f0b0c9316f8663bb32a4f/jaxb-runtime-2.3.2.pom]
Found locally available resource with matching checksum: [https://repo.maven.apache.org/maven2/com/sun/xml/bind/mvn/jaxb-runtime-parent/2.3.2/jaxb-runtime-parent-2.3.2.pom, /opt/gradle/.gradle/caches/modules-2/files-2.1/com.sun.xml.bind.mvn/jaxb-runtime-parent/2.3.2/b9916bbbf37042807a649a2a7fcb6b97e193c28a/jaxb-runtime-parent-2.3.2.pom]
Found locally available resource with matching checksum: [https://repo.maven.apache.org/maven2/com/sun/xml/bind/mvn/jaxb-parent/2.3.2/jaxb-parent-2.3.2.pom, /opt/gradle/.gradle/caches/modules-2/files-2.1/com.sun.xml.bind.mvn/jaxb-parent/2.3.2/5d96ada92105844d8a2eedfb63bf782a712cc0a/jaxb-parent-2.3.2.pom]
Found locally available resource with matching checksum: [https://repo.maven.apache.org/maven2/com/sun/xml/bind/jaxb-bom-ext/2.3.2/jaxb-bom-ext-2.3.2.pom, /opt/gradle/.gradle/caches/modules-2/files-2.1/com.sun.xml.bind/jaxb-bom-ext/2.3.2/7a92d12e31a67bae498f840c8f7c334a4fee0fbb/jaxb-bom-ext-2.3.2.pom]
Found locally available resource with matching checksum: [https://repo.maven.apache.org/maven2/org/glassfish/jaxb/jaxb-bom/2.3.2/jaxb-bom-2.3.2.pom, /opt/gradle/.gradle/caches/modules-2/files-2.1/org.glassfish.jaxb/jaxb-bom/2.3.2/c7cd28b5d3871feba8cebf6d4587043fb0d6fd0a/jaxb-bom-2.3.2.pom]
Found locally available resource with matching checksum: [https://repo.maven.apache.org/maven2/org/eclipse/ee4j/project/1.0.5/project-1.0.5.pom, /opt/gradle/.gradle/caches/modules-2/files-2.1/org.eclipse.ee4j/project/1.0.5/d391c5ed15d8fb1dadba9c5d1017006d56c50332/project-1.0.5.pom]
Found locally available resource with matching checksum: [https://repo.maven.apache.org/maven2/net/sf/jopt-simple/jopt-simple/4.9/jopt-simple-4.9.pom, /opt/gradle/.gradle/caches/modules-2/files-2.1/net.sf.jopt-simple/jopt-simple/4.9/ea3cd0a93e4e8adc1cdadd544c9168bc5aa985a8/jopt-simple-4.9.pom]
Found locally available resource with matching checksum: [https://repo.maven.apache.org/maven2/com/squareup/javapoet/1.13.0/javapoet-1.13.0.pom, /opt/gradle/.gradle/caches/modules-2/files-2.1/com.squareup/javapoet/1.13.0/17b682b96d0d2abfdd92f6a99fbab40dd4f4d360/javapoet-1.13.0.pom]
Found locally available resource with matching checksum: [https://repo.maven.apache.org/maven2/org/jetbrains/kotlin/kotlin-gradle-plugin/2.2.10/kotlin-gradle-plugin-2.2.10.pom, /opt/gradle/.gradle/caches/modules-2/files-2.1/org.jetbrains.kotlin/kotlin-gradle-plugin/2.2.10/b7f13cfcd49cdf8ad62d055aca4db62202da0994/kotlin-gradle-plugin-2.2.10.pom]
Found locally available resource with matching checksum: [https://repo.maven.apache.org/maven2/org/jetbrains/kotlin/kotlin-gradle-plugins-bom/2.2.10/kotlin-gradle-plugins-bom-2.2.10.pom, /opt/gradle/.gradle/caches/modules-2/files-2.1/org.jetbrains.kotlin/kotlin-gradle-plugins-bom/2.2.10/54be3a1514c0ee6aca25846f8af27b22f6c5488c/kotlin-gradle-plugins-bom-2.2.10.pom]
Found locally available resource with matching checksum: [https://repo.maven.apache.org/maven2/org/jetbrains/kotlin/kotlin-gradle-plugins-bom/2.2.10/kotlin-gradle-plugins-bom-2.2.10.module, /opt/gradle/.gradle/caches/modules-2/files-2.1/org.jetbrains.kotlin/kotlin-gradle-plugins-bom/2.2.10/16a998c7353b3ed44556c057d5db34dc3037bf69/kotlin-gradle-plugins-bom-2.2.10.module]
Found locally available resource with matching checksum: [https://repo.maven.apache.org/maven2/org/jetbrains/kotlin/kotlin-gradle-plugin/2.2.10/kotlin-gradle-plugin-2.2.10.module, /opt/gradle/.gradle/caches/modules-2/files-2.1/org.jetbrains.kotlin/kotlin-gradle-plugin/2.2.10/ac80ea5e4634d6cfa0affddfa0be8ae4bb9270f5/kotlin-gradle-plugin-2.2.10.module]
Found locally available resource with matching checksum: [https://repo.maven.apache.org/maven2/org/tensorflow/tensorflow-lite-metadata/0.2.0/tensorflow-lite-metadata-0.2.0.pom, /opt/gradle/.gradle/caches/modules-2/files-2.1/org.tensorflow/tensorflow-lite-metadata/0.2.0/3d4eeba9903312a3ddf95937897f99db183be6c8/tensorflow-lite-metadata-0.2.0.pom]
Downloading https://repo.maven.apache.org/maven2/org/jetbrains/kotlin/kotlin-stdlib/1.9.22/kotlin-stdlib-1.9.22.pom to /opt/gradle/.gradle/.tmp/gradle_download5296755683667496480bin
Downloading https://repo.maven.apache.org/maven2/org/jetbrains/kotlin/kotlin-stdlib/1.9.22/kotlin-stdlib-1.9.22.module to /opt/gradle/.gradle/.tmp/gradle_download8583888327190591342bin
Downloading https://repo.maven.apache.org/maven2/org/jetbrains/kotlin/kotlin-gradle-plugin-api/2.0.21/kotlin-gradle-plugin-api-2.0.21.pom to /opt/gradle/.gradle/.tmp/gradle_download6506919280222661986bin
Downloading https://repo.maven.apache.org/maven2/org/jetbrains/kotlin/kotlin-gradle-plugin-api/2.0.21/kotlin-gradle-plugin-api-2.0.21.module to /opt/gradle/.gradle/.tmp/gradle_download16716546344471236886bin
Downloading https://repo.maven.apache.org/maven2/org/jetbrains/kotlin/kotlin-gradle-plugin-model/2.0.21/kotlin-gradle-plugin-model-2.0.21.pom to /opt/gradle/.gradle/.tmp/gradle_download1732621276584577631bin
Downloading https://repo.maven.apache.org/maven2/org/jetbrains/kotlin/kotlin-gradle-plugin-model/2.0.21/kotlin-gradle-plugin-model-2.0.21.module to /opt/gradle/.gradle/.tmp/gradle_download17650427047068934307bin
Found locally available resource with matching checksum: [https://repo.maven.apache.org/maven2/io/github/takahirom/roborazzi/roborazzi-core/1.59.0/roborazzi-core-1.59.0.pom, /opt/gradle/.gradle/caches/modules-2/files-2.1/io.github.takahirom.roborazzi/roborazzi-core/1.59.0/aa7c83b56a716c579b418816961163f4a46e4d0a/roborazzi-core-1.59.0.pom]
Found locally available resource with matching checksum: [https://repo.maven.apache.org/maven2/io/github/takahirom/roborazzi/roborazzi-core/1.59.0/roborazzi-core-1.59.0.module, /opt/gradle/.gradle/caches/modules-2/files-2.1/io.github.takahirom.roborazzi/roborazzi-core/1.59.0/ee09d5dc4966f4bd548af49c8e81cc06848fee5b/roborazzi-core-1.59.0.module]
Found locally available resource with matching checksum: [https://repo.maven.apache.org/maven2/org/jetbrains/kotlinx/kotlinx-serialization-json/1.6.3/kotlinx-serialization-json-1.6.3.pom, /opt/gradle/.gradle/caches/modules-2/files-2.1/org.jetbrains.kotlinx/kotlinx-serialization-json/1.6.3/c9b0a7f7b05481f2ad7aa56ef82804b1580a93c5/kotlinx-serialization-json-1.6.3.pom]
Found locally available resource with matching checksum: [https://repo.maven.apache.org/maven2/org/jetbrains/kotlinx/kotlinx-serialization-bom/1.6.3/kotlinx-serialization-bom-1.6.3.pom, /opt/gradle/.gradle/caches/modules-2/files-2.1/org.jetbrains.kotlinx/kotlinx-serialization-bom/1.6.3/7c5582389dc60169a84cb882bed09b4ab68833bf/kotlinx-serialization-bom-1.6.3.pom]
Found locally available resource with matching checksum: [https://repo.maven.apache.org/maven2/org/jetbrains/kotlinx/kotlinx-serialization-json/1.6.3/kotlinx-serialization-json-1.6.3.module, /opt/gradle/.gradle/caches/modules-2/files-2.1/org.jetbrains.kotlinx/kotlinx-serialization-json/1.6.3/a153ad9800ee59ef14160d6f1e87aa49ce27c092/kotlinx-serialization-json-1.6.3.module]
Found locally available resource with matching checksum: [https://repo.maven.apache.org/maven2/org/webjars/webjars-locator-lite/0.0.6/webjars-locator-lite-0.0.6.pom, /opt/gradle/.gradle/caches/modules-2/files-2.1/org.webjars/webjars-locator-lite/0.0.6/8f0f51617972d37ce8220498d939f8560e8ca7c3/webjars-locator-lite-0.0.6.pom]
Found locally available resource with matching checksum: [https://repo.maven.apache.org/maven2/org/sonatype/oss/oss-parent/9/oss-parent-9.pom, /opt/gradle/.gradle/caches/modules-2/files-2.1/org.sonatype.oss/oss-parent/9/e5cdc4d23b86d79c436f16fed20853284e868f65/oss-parent-9.pom]
Found locally available resource with matching checksum: [https://repo.maven.apache.org/maven2/org/webjars/materializecss/1.0.0/materializecss-1.0.0.pom, /opt/gradle/.gradle/caches/modules-2/files-2.1/org.webjars/materializecss/1.0.0/559ef8463e9799aafcb0e1285e4b81878dfcbf09/materializecss-1.0.0.pom]
Found locally available resource with matching checksum: [https://repo.maven.apache.org/maven2/org/webjars/material-design-icons/4.0.0/material-design-icons-4.0.0.pom, /opt/gradle/.gradle/caches/modules-2/files-2.1/org.webjars/material-design-icons/4.0.0/7a7af636744e4c26f846132e3c81e1dd558f05c4/material-design-icons-4.0.0.pom]
Found locally available resource with matching checksum: [https://repo.maven.apache.org/maven2/org/jetbrains/kotlin/kotlin-stdlib-jdk8/1.4.10/kotlin-stdlib-jdk8-1.4.10.pom, /opt/gradle/.gradle/caches/modules-2/files-2.1/org.jetbrains.kotlin/kotlin-stdlib-jdk8/1.4.10/affaa3a6775aacbc9064cf820e5ced9e57422b2d/kotlin-stdlib-jdk8-1.4.10.pom]
Found locally available resource with matching checksum: [https://repo.maven.apache.org/maven2/org/jetbrains/kotlin/kotlin-stdlib-jdk8/1.7.10/kotlin-stdlib-jdk8-1.7.10.pom, /opt/gradle/.gradle/caches/modules-2/files-2.1/org.jetbrains.kotlin/kotlin-stdlib-jdk8/1.7.10/1905bbcb22b41bd917604589c74bd8092ce55516/kotlin-stdlib-jdk8-1.7.10.pom]
Found locally available resource with matching checksum: [https://dl.google.com/dl/android/maven2/com/google/android/gms/strict-version-matcher-plugin/1.2.4/strict-version-matcher-plugin-1.2.4.pom, /opt/gradle/.gradle/caches/modules-2/files-2.1/com.google.android.gms/strict-version-matcher-plugin/1.2.4/64382e5666d083a8f09f353a5d3b385474223112/strict-version-matcher-plugin-1.2.4.pom]
Found locally available resource with matching checksum: [https://dl.google.com/dl/android/maven2/com/google/android/gms/strict-version-matcher-plugin/1.2.4/strict-version-matcher-plugin-1.2.4.module, /opt/gradle/.gradle/caches/modules-2/files-2.1/com.google.android.gms/strict-version-matcher-plugin/1.2.4/72de58fcbf744d0b071aec262ba21b6e000845f0/strict-version-matcher-plugin-1.2.4.module]
Resource missing. [HTTP GET: https://dl.google.com/dl/android/maven2/com/google/devtools/ksp/symbol-processing-api/2.2.10-2.0.2/symbol-processing-api-2.2.10-2.0.2.pom]
Resource missing. [HTTP GET: https://dl.google.com/dl/android/maven2/com/google/devtools/ksp/symbol-processing-common-deps/2.2.10-2.0.2/symbol-processing-common-deps-2.2.10-2.0.2.pom]
Downloading https://repo.maven.apache.org/maven2/com/google/devtools/ksp/symbol-processing-api/2.2.10-2.0.2/symbol-processing-api-2.2.10-2.0.2.pom to /opt/gradle/.gradle/.tmp/gradle_download1077415009993427155bin
Downloading https://repo.maven.apache.org/maven2/com/google/devtools/ksp/symbol-processing-common-deps/2.2.10-2.0.2/symbol-processing-common-deps-2.2.10-2.0.2.pom to /opt/gradle/.gradle/.tmp/gradle_download13915822295046567874bin
Downloading https://repo.maven.apache.org/maven2/com/google/devtools/ksp/symbol-processing-api/2.2.10-2.0.2/symbol-processing-api-2.2.10-2.0.2.module to /opt/gradle/.gradle/.tmp/gradle_download6395496130561261669bin
Downloading https://repo.maven.apache.org/maven2/com/google/devtools/ksp/symbol-processing-common-deps/2.2.10-2.0.2/symbol-processing-common-deps-2.2.10-2.0.2.module to /opt/gradle/.gradle/.tmp/gradle_download8678352714347128338bin
Found locally available resource with matching checksum: [https://dl.google.com/dl/android/maven2/com/android/tools/build/gradle-common-api/9.1.1/gradle-common-api-9.1.1.pom, /opt/gradle/.gradle/caches/modules-2/files-2.1/com.android.tools.build/gradle-common-api/9.1.1/4962e669b41474147b34d639a25158aa7d287ac4/gradle-common-api-9.1.1.pom]
Found locally available resource with matching checksum: [https://dl.google.com/dl/android/maven2/com/android/tools/build/gradle-common-api/9.1.1/gradle-common-api-9.1.1.module, /opt/gradle/.gradle/caches/modules-2/files-2.1/com.android.tools.build/gradle-common-api/9.1.1/5ce5ce7fe164c868bb34d6f9f21cb4fc6e4f8bab/gradle-common-api-9.1.1.module]
Found locally available resource with matching checksum: [https://repo.maven.apache.org/maven2/org/jetbrains/kotlin/kotlin-stdlib-jdk8/2.2.10/kotlin-stdlib-jdk8-2.2.10.pom, /opt/gradle/.gradle/caches/modules-2/files-2.1/org.jetbrains.kotlin/kotlin-stdlib-jdk8/2.2.10/d0c9ff52a6d37b825f30b566d15bd39feaaf1424/kotlin-stdlib-jdk8-2.2.10.pom]
Resource missing. [HTTP HEAD: https://dl.google.com/dl/android/maven2/com/google/guava/guava/33.3.1-jre/guava-33.3.1-jre.pom]
Found locally available resource with matching checksum: [https://repo.maven.apache.org/maven2/com/google/guava/guava/33.3.1-jre/guava-33.3.1-jre.pom, /opt/gradle/.gradle/caches/modules-2/files-2.1/com.google.guava/guava/33.3.1-jre/5a5628b34628748abcb73144a909ddbea2265ed9/guava-33.3.1-jre.pom]
Resource missing. [HTTP HEAD: https://dl.google.com/dl/android/maven2/com/google/guava/guava-parent/33.3.1-jre/guava-parent-33.3.1-jre.pom]
Found locally available resource with matching checksum: [https://repo.maven.apache.org/maven2/com/google/guava/guava-parent/33.3.1-jre/guava-parent-33.3.1-jre.pom, /opt/gradle/.gradle/caches/modules-2/files-2.1/com.google.guava/guava-parent/33.3.1-jre/94729a0ed1dc35f623edd13afa6c1c2fe9a15d7c/guava-parent-33.3.1-jre.pom]
Found locally available resource with matching checksum: [https://repo.maven.apache.org/maven2/com/google/guava/guava/33.3.1-jre/guava-33.3.1-jre.module, /opt/gradle/.gradle/caches/modules-2/files-2.1/com.google.guava/guava/33.3.1-jre/c99293bbf166d01849489fc6f94a101f79072aa7/guava-33.3.1-jre.module]
Found locally available resource with matching checksum: [https://dl.google.com/dl/android/maven2/com/android/tools/common/32.1.1/common-32.1.1.pom, /opt/gradle/.gradle/caches/modules-2/files-2.1/com.android.tools/common/32.1.1/297da66f7541a2e4fc49b09b217a554065942f1a/common-32.1.1.pom]
Found locally available resource with matching checksum: [https://repo.maven.apache.org/maven2/javax/inject/javax.inject/1/javax.inject-1.pom, /opt/gradle/.gradle/caches/modules-2/files-2.1/javax.inject/javax.inject/1/b8e00a8a0deb0ebef447570e37ff8146ccd92cbe/javax.inject-1.pom]
Found locally available resource with matching checksum: [https://repo.maven.apache.org/maven2/net/sf/kxml/kxml2/2.3.0/kxml2-2.3.0.pom, /opt/gradle/.gradle/caches/modules-2/files-2.1/net.sf.kxml/kxml2/2.3.0/8efa75f9cdc57687076b2125b1a098e6f42e737d/kxml2-2.3.0.pom]
Found locally available resource with matching checksum: [https://repo.maven.apache.org/maven2/org/apache/commons/commons-compress/1.27.1/commons-compress-1.27.1.pom, /opt/gradle/.gradle/caches/modules-2/files-2.1/org.apache.commons/commons-compress/1.27.1/19c6bd08bc56d18cfcde1abebec11fbd3d9bcfba/commons-compress-1.27.1.pom]
Invalidating in-memory cache of /opt/gradle/.gradle/caches/journal-1/file-access.bin
Found locally available resource with matching checksum: [https://repo.maven.apache.org/maven2/org/apache/commons/commons-parent/72/commons-parent-72.pom, /opt/gradle/.gradle/caches/modules-2/files-2.1/org.apache.commons/commons-parent/72/cdfbaff82e756be4cb74d3f09b8fbf8f6b06c79d/commons-parent-72.pom]
Found locally available resource with matching checksum: [https://repo.maven.apache.org/maven2/org/apache/apache/33/apache-33.pom, /opt/gradle/.gradle/caches/modules-2/files-2.1/org.apache/apache/33/f7b7b5a9e84395f17d7e6a136e5bfc4b9973566d/apache-33.pom]
Found locally available resource with matching checksum: [https://repo.maven.apache.org/maven2/org/junit/junit-bom/5.11.0-M2/junit-bom-5.11.0-M2.pom, /opt/gradle/.gradle/caches/modules-2/files-2.1/org.junit/junit-bom/5.11.0-M2/6c517cddae7893aba5bf9f051c44860a4fc18211/junit-bom-5.11.0-M2.pom]
Found locally available resource with matching checksum: [https://repo.maven.apache.org/maven2/org/junit/junit-bom/5.11.0-M2/junit-bom-5.11.0-M2.module, /opt/gradle/.gradle/caches/modules-2/files-2.1/org.junit/junit-bom/5.11.0-M2/4546561225def9f7f99c7c1abc3828dec51aad2a/junit-bom-5.11.0-M2.module]
Found locally available resource with matching checksum: [https://repo.maven.apache.org/maven2/org/bouncycastle/bcpkix-jdk18on/1.79/bcpkix-jdk18on-1.79.pom, /opt/gradle/.gradle/caches/modules-2/files-2.1/org.bouncycastle/bcpkix-jdk18on/1.79/783d463a7227fea427268e34fb60d98475c64f19/bcpkix-jdk18on-1.79.pom]
Found locally available resource with matching checksum: [https://repo.maven.apache.org/maven2/org/bouncycastle/bcprov-jdk18on/1.79/bcprov-jdk18on-1.79.pom, /opt/gradle/.gradle/caches/modules-2/files-2.1/org.bouncycastle/bcprov-jdk18on/1.79/460bea0d2ddd8860efd4e7c3c7d8add1d749e940/bcprov-jdk18on-1.79.pom]
Downloading https://repo.maven.apache.org/maven2/org/jetbrains/kotlin/kotlin-reflect/1.9.22/kotlin-reflect-1.9.22.pom to /opt/gradle/.gradle/.tmp/gradle_download14653570061499177440bin
Found locally available resource with matching checksum: [https://dl.google.com/dl/android/maven2/com/android/tools/dvlib/32.1.1/dvlib-32.1.1.pom, /opt/gradle/.gradle/caches/modules-2/files-2.1/com.android.tools/dvlib/32.1.1/8012e87a475af92edb191e17e12889f9472ccaf1/dvlib-32.1.1.pom]
Found locally available resource with matching checksum: [https://repo.maven.apache.org/maven2/org/apache/httpcomponents/httpcore/4.4.16/httpcore-4.4.16.pom, /opt/gradle/.gradle/caches/modules-2/files-2.1/org.apache.httpcomponents/httpcore/4.4.16/fdcd45abd94151f990a359e1d367e325cfb50286/httpcore-4.4.16.pom]
Found locally available resource with matching checksum: [https://repo.maven.apache.org/maven2/org/apache/httpcomponents/httpcomponents-core/4.4.16/httpcomponents-core-4.4.16.pom, /opt/gradle/.gradle/caches/modules-2/files-2.1/org.apache.httpcomponents/httpcomponents-core/4.4.16/e0cbfde0384168cdd90e2633c1f101416d799090/httpcomponents-core-4.4.16.pom]
Found locally available resource with matching checksum: [https://repo.maven.apache.org/maven2/org/apache/httpcomponents/httpcomponents-parent/11/httpcomponents-parent-11.pom, /opt/gradle/.gradle/caches/modules-2/files-2.1/org.apache.httpcomponents/httpcomponents-parent/11/3ee7a841cc49326e8681089ea7ad6a3b81b88581/httpcomponents-parent-11.pom]
Found locally available resource with matching checksum: [https://repo.maven.apache.org/maven2/org/apache/apache/21/apache-21.pom, /opt/gradle/.gradle/caches/modules-2/files-2.1/org.apache/apache/21/649b700a1b2b4a1d87e7ae8e3f47bfe101b2a4a5/apache-21.pom]
Resource missing. [HTTP HEAD: https://dl.google.com/dl/android/maven2/com/google/jimfs/jimfs/1.1/jimfs-1.1.pom]
Found locally available resource with matching checksum: [https://repo.maven.apache.org/maven2/com/google/jimfs/jimfs/1.1/jimfs-1.1.pom, /opt/gradle/.gradle/caches/modules-2/files-2.1/com.google.jimfs/jimfs/1.1/380866e1e495f899631b6e1d437e4b0a69e4faa3/jimfs-1.1.pom]
Resource missing. [HTTP HEAD: https://dl.google.com/dl/android/maven2/com/google/jimfs/jimfs-parent/1.1/jimfs-parent-1.1.pom]
Found locally available resource with matching checksum: [https://repo.maven.apache.org/maven2/com/google/jimfs/jimfs-parent/1.1/jimfs-parent-1.1.pom, /opt/gradle/.gradle/caches/modules-2/files-2.1/com.google.jimfs/jimfs-parent/1.1/2283f99a6aa73205190a20cfd35078e9f7d6cec9/jimfs-parent-1.1.pom]
Found locally available resource with matching checksum: [https://repo.maven.apache.org/maven2/org/jetbrains/kotlinx/kotlinx-coroutines-core/1.9.0/kotlinx-coroutines-core-1.9.0.pom, /opt/gradle/.gradle/caches/modules-2/files-2.1/org.jetbrains.kotlinx/kotlinx-coroutines-core/1.9.0/d3fdd34e883e3a68fb4c10f33ab3abc4d66bdb28/kotlinx-coroutines-core-1.9.0.pom]
Found locally available resource with matching checksum: [https://repo.maven.apache.org/maven2/org/jetbrains/kotlinx/kotlinx-coroutines-bom/1.9.0/kotlinx-coroutines-bom-1.9.0.pom, /opt/gradle/.gradle/caches/modules-2/files-2.1/org.jetbrains.kotlinx/kotlinx-coroutines-bom/1.9.0/11a86a1aa2fb0ecb72e865e4e0b421be56eb30fb/kotlinx-coroutines-bom-1.9.0.pom]
Found locally available resource with matching checksum: [https://repo.maven.apache.org/maven2/org/jetbrains/kotlinx/kotlinx-coroutines-core/1.9.0/kotlinx-coroutines-core-1.9.0.module, /opt/gradle/.gradle/caches/modules-2/files-2.1/org.jetbrains.kotlinx/kotlinx-coroutines-core/1.9.0/3bdff39bfd164fa139252fdcf98c5a5122f7aa9d/kotlinx-coroutines-core-1.9.0.module]
Found locally available resource with matching checksum: [https://repo.maven.apache.org/maven2/org/jetbrains/annotations/13.0/annotations-13.0.pom, /opt/gradle/.gradle/caches/modules-2/files-2.1/org.jetbrains/annotations/13.0/fa7d3d07cc80547e2d15bf4839d3267c637c642f/annotations-13.0.pom]
Found locally available resource with matching checksum: [https://dl.google.com/dl/android/maven2/com/android/tools/annotations/32.1.1/annotations-32.1.1.pom, /opt/gradle/.gradle/caches/modules-2/files-2.1/com.android.tools/annotations/32.1.1/69da138dc66de370aafd7361de557882b643c99c/annotations-32.1.1.pom]
Found locally available resource with matching checksum: [https://repo.maven.apache.org/maven2/org/apache/httpcomponents/httpclient/4.5.14/httpclient-4.5.14.pom, /opt/gradle/.gradle/caches/modules-2/files-2.1/org.apache.httpcomponents/httpclient/4.5.14/f62c6a311407cc4b47d0ea9eec6cf97ed25b8cee/httpclient-4.5.14.pom]
Found locally available resource with matching checksum: [https://repo.maven.apache.org/maven2/org/apache/httpcomponents/httpcomponents-client/4.5.14/httpcomponents-client-4.5.14.pom, /opt/gradle/.gradle/caches/modules-2/files-2.1/org.apache.httpcomponents/httpcomponents-client/4.5.14/e36b5c26d9012cce0ba214e06462596585475217/httpcomponents-client-4.5.14.pom]
Found locally available resource with matching checksum: [https://dl.google.com/dl/android/maven2/com/android/tools/analytics-library/protos/32.1.1/protos-32.1.1.pom, /opt/gradle/.gradle/caches/modules-2/files-2.1/com.android.tools.analytics-library/protos/32.1.1/a04adab94359ef3a5b2d28ebc011a2d1766a0970/protos-32.1.1.pom]
Found locally available resource with matching checksum: [https://repo.maven.apache.org/maven2/net/java/dev/jna/jna-platform/5.6.0/jna-platform-5.6.0.pom, /opt/gradle/.gradle/caches/modules-2/files-2.1/net.java.dev.jna/jna-platform/5.6.0/f86d5b088d311a7dee895e06cb2a08ccada7cbde/jna-platform-5.6.0.pom]
Resource missing. [HTTP HEAD: https://dl.google.com/dl/android/maven2/com/googlecode/juniversalchardet/juniversalchardet/1.0.3/juniversalchardet-1.0.3.pom]
Found locally available resource with matching checksum: [https://repo.maven.apache.org/maven2/com/googlecode/juniversalchardet/juniversalchardet/1.0.3/juniversalchardet-1.0.3.pom, /opt/gradle/.gradle/caches/modules-2/files-2.1/com.googlecode.juniversalchardet/juniversalchardet/1.0.3/be6da8320adedafc712d645ddaaad00357b55408/juniversalchardet-1.0.3.pom]
Found locally available resource with matching checksum: [https://repo.maven.apache.org/maven2/org/ow2/asm/asm-tree/9.9/asm-tree-9.9.pom, /opt/gradle/.gradle/caches/modules-2/files-2.1/org.ow2.asm/asm-tree/9.9/aa8617df7e8a81ab44fd42d09c55c57c01da9521/asm-tree-9.9.pom]
Found locally available resource with matching checksum: [https://repo.maven.apache.org/maven2/jakarta/xml/bind/jakarta.xml.bind-api/2.3.2/jakarta.xml.bind-api-2.3.2.pom, /opt/gradle/.gradle/caches/modules-2/files-2.1/jakarta.xml.bind/jakarta.xml.bind-api/2.3.2/6142021e7186bf29f5f7639b968cfe250ce086dd/jakarta.xml.bind-api-2.3.2.pom]
Found locally available resource with matching checksum: [https://repo.maven.apache.org/maven2/jakarta/xml/bind/jakarta.xml.bind-api-parent/2.3.2/jakarta.xml.bind-api-parent-2.3.2.pom, /opt/gradle/.gradle/caches/modules-2/files-2.1/jakarta.xml.bind/jakarta.xml.bind-api-parent/2.3.2/7be72e8345e33f747d5d813e313abd8df25f259e/jakarta.xml.bind-api-parent-2.3.2.pom]
Found locally available resource with matching checksum: [https://repo.maven.apache.org/maven2/org/glassfish/jaxb/txw2/2.3.2/txw2-2.3.2.pom, /opt/gradle/.gradle/caches/modules-2/files-2.1/org.glassfish.jaxb/txw2/2.3.2/22d24b523eb02a955e8bfa7af6572207a3490482/txw2-2.3.2.pom]
Found locally available resource with matching checksum: [https://repo.maven.apache.org/maven2/com/sun/xml/bind/mvn/jaxb-txw-parent/2.3.2/jaxb-txw-parent-2.3.2.pom, /opt/gradle/.gradle/caches/modules-2/files-2.1/com.sun.xml.bind.mvn/jaxb-txw-parent/2.3.2/1f872b3cb7c49c35501651aab063659a9775f06a/jaxb-txw-parent-2.3.2.pom]
Found locally available resource with matching checksum: [https://repo.maven.apache.org/maven2/com/sun/istack/istack-commons-runtime/3.0.8/istack-commons-runtime-3.0.8.pom, /opt/gradle/.gradle/caches/modules-2/files-2.1/com.sun.istack/istack-commons-runtime/3.0.8/fd5dfcff9a1f1e7e4371c6a998b74ee0e52bdc4a/istack-commons-runtime-3.0.8.pom]
Found locally available resource with matching checksum: [https://repo.maven.apache.org/maven2/com/sun/istack/istack-commons/3.0.8/istack-commons-3.0.8.pom, /opt/gradle/.gradle/caches/modules-2/files-2.1/com.sun.istack/istack-commons/3.0.8/3835dae3b9e529039b70bce883a1c7438713c295/istack-commons-3.0.8.pom]
Found locally available resource with matching checksum: [https://repo.maven.apache.org/maven2/org/jvnet/staxex/stax-ex/1.8.1/stax-ex-1.8.1.pom, /opt/gradle/.gradle/caches/modules-2/files-2.1/org.jvnet.staxex/stax-ex/1.8.1/93132b1ebaf1c419ad3d2216924af39c68f43b51/stax-ex-1.8.1.pom]
Found locally available resource with matching checksum: [https://repo.maven.apache.org/maven2/com/sun/xml/fastinfoset/FastInfoset/1.2.16/FastInfoset-1.2.16.pom, /opt/gradle/.gradle/caches/modules-2/files-2.1/com.sun.xml.fastinfoset/FastInfoset/1.2.16/e4d2eed02e0e0a9f4c892e6d43bdf3dfdc1fa2ee/FastInfoset-1.2.16.pom]
Found locally available resource with matching checksum: [https://repo.maven.apache.org/maven2/com/sun/xml/fastinfoset/fastinfoset-project/1.2.16/fastinfoset-project-1.2.16.pom, /opt/gradle/.gradle/caches/modules-2/files-2.1/com.sun.xml.fastinfoset/fastinfoset-project/1.2.16/86113f7ee9a5d995429bf75294b57b31f0a17d29/fastinfoset-project-1.2.16.pom]
Found locally available resource with matching checksum: [https://repo.maven.apache.org/maven2/jakarta/activation/jakarta.activation-api/1.2.1/jakarta.activation-api-1.2.1.pom, /opt/gradle/.gradle/caches/modules-2/files-2.1/jakarta.activation/jakarta.activation-api/1.2.1/b9c1b2502949970360efe8d75ec5268d87d38a82/jakarta.activation-api-1.2.1.pom]
Found locally available resource with matching checksum: [https://repo.maven.apache.org/maven2/com/sun/activation/all/1.2.1/all-1.2.1.pom, /opt/gradle/.gradle/caches/modules-2/files-2.1/com.sun.activation/all/1.2.1/efca912f55f71e63ab2eb82552519b66dd123f98/all-1.2.1.pom]
Found locally available resource with matching checksum: [https://repo.maven.apache.org/maven2/org/eclipse/ee4j/project/1.0.2/project-1.0.2.pom, /opt/gradle/.gradle/caches/modules-2/files-2.1/org.eclipse.ee4j/project/1.0.2/5730bedee1faaeeb62b0afc4ed1c4571f87a8eb4/project-1.0.2.pom]
Resource missing. [HTTP HEAD: https://dl.google.com/dl/android/maven2/com/google/errorprone/error_prone_annotations/2.3.1/error_prone_annotations-2.3.1.pom]
Resource missing. [HTTP HEAD: https://dl.google.com/dl/android/maven2/com/google/auto/value/auto-value-annotations/1.6.2/auto-value-annotations-1.6.2.pom]
Resource missing. [HTTP HEAD: https://dl.google.com/dl/android/maven2/com/google/dagger/dagger/2.28.3/dagger-2.28.3.pom]
Found locally available resource with matching checksum: [https://repo.maven.apache.org/maven2/com/google/auto/value/auto-value-annotations/1.6.2/auto-value-annotations-1.6.2.pom, /opt/gradle/.gradle/caches/modules-2/files-2.1/com.google.auto.value/auto-value-annotations/1.6.2/ae1ff98291be961d9e1b14eb26bedaf0b5ac9d15/auto-value-annotations-1.6.2.pom]
Found locally available resource with matching checksum: [https://repo.maven.apache.org/maven2/com/google/errorprone/error_prone_annotations/2.3.1/error_prone_annotations-2.3.1.pom, /opt/gradle/.gradle/caches/modules-2/files-2.1/com.google.errorprone/error_prone_annotations/2.3.1/19c878e6870c8382864dcc459de1c6bfe7f36e54/error_prone_annotations-2.3.1.pom]
Found locally available resource with matching checksum: [https://repo.maven.apache.org/maven2/com/google/dagger/dagger/2.28.3/dagger-2.28.3.pom, /opt/gradle/.gradle/caches/modules-2/files-2.1/com.google.dagger/dagger/2.28.3/6a11b6b6db0c740dbd150e11f54c6f219fdc2891/dagger-2.28.3.pom]
Resource missing. [HTTP HEAD: https://dl.google.com/dl/android/maven2/com/google/auto/value/auto-value-parent/1.6.2/auto-value-parent-1.6.2.pom]
Resource missing. [HTTP HEAD: https://dl.google.com/dl/android/maven2/com/google/errorprone/error_prone_parent/2.3.1/error_prone_parent-2.3.1.pom]
Found locally available resource with matching checksum: [https://repo.maven.apache.org/maven2/com/google/auto/value/auto-value-parent/1.6.2/auto-value-parent-1.6.2.pom, /opt/gradle/.gradle/caches/modules-2/files-2.1/com.google.auto.value/auto-value-parent/1.6.2/5eb0685cabce285064a62a7b9c6c256343a58285/auto-value-parent-1.6.2.pom]
Found locally available resource with matching checksum: [https://repo.maven.apache.org/maven2/com/google/errorprone/error_prone_parent/2.3.1/error_prone_parent-2.3.1.pom, /opt/gradle/.gradle/caches/modules-2/files-2.1/com.google.errorprone/error_prone_parent/2.3.1/a32c199defa0dcf9c42a32c26fec4d1fbb408e58/error_prone_parent-2.3.1.pom]
Resource missing. [HTTP HEAD: https://dl.google.com/dl/android/maven2/com/google/auto/auto-parent/6/auto-parent-6.pom]
Found locally available resource with matching checksum: [https://repo.maven.apache.org/maven2/com/google/auto/auto-parent/6/auto-parent-6.pom, /opt/gradle/.gradle/caches/modules-2/files-2.1/com.google.auto/auto-parent/6/f29db646babbca0049636b6724613035bbcedff/auto-parent-6.pom]
Found locally available resource with matching checksum: [https://repo.maven.apache.org/maven2/org/bitbucket/b_c/jose4j/0.9.5/jose4j-0.9.5.pom, /opt/gradle/.gradle/caches/modules-2/files-2.1/org.bitbucket.b_c/jose4j/0.9.5/dfea5de0f47c10dbfafb02d5d28edd8b44a45907/jose4j-0.9.5.pom]
Found locally available resource with matching checksum: [https://repo.maven.apache.org/maven2/org/slf4j/slf4j-api/1.7.30/slf4j-api-1.7.30.pom, /opt/gradle/.gradle/caches/modules-2/files-2.1/org.slf4j/slf4j-api/1.7.30/2013960e5ee7f712d8fa6f2e618a6ff2e8d98a9/slf4j-api-1.7.30.pom]
Found locally available resource with matching checksum: [https://repo.maven.apache.org/maven2/org/slf4j/slf4j-parent/1.7.30/slf4j-parent-1.7.30.pom, /opt/gradle/.gradle/caches/modules-2/files-2.1/org.slf4j/slf4j-parent/1.7.30/d3cf0e0cdb58d3c6f8a08c21e55894422fd725b9/slf4j-parent-1.7.30.pom]
Found locally available resource with matching checksum: [https://repo.maven.apache.org/maven2/org/jdom/jdom2/2.0.6/jdom2-2.0.6.pom, /opt/gradle/.gradle/caches/modules-2/files-2.1/org.jdom/jdom2/2.0.6/11e250d112bc9f2a0e1a595a5f6ecd2802af2691/jdom2-2.0.6.pom]
Found locally available resource with matching checksum: [https://repo.maven.apache.org/maven2/org/jetbrains/kotlin/kotlin-gradle-plugin-idea/2.2.10/kotlin-gradle-plugin-idea-2.2.10.pom, /opt/gradle/.gradle/caches/modules-2/files-2.1/org.jetbrains.kotlin/kotlin-gradle-plugin-idea/2.2.10/516122e4d5d95f38f4e1beb503b6b82ddbe13449/kotlin-gradle-plugin-idea-2.2.10.pom]
Found locally available resource with matching checksum: [https://repo.maven.apache.org/maven2/org/jetbrains/kotlin/kotlin-gradle-plugin-idea/2.2.10/kotlin-gradle-plugin-idea-2.2.10.module, /opt/gradle/.gradle/caches/modules-2/files-2.1/org.jetbrains.kotlin/kotlin-gradle-plugin-idea/2.2.10/78e172bc93fe9037eb4d5fc55782d4caeabdceb/kotlin-gradle-plugin-idea-2.2.10.module]
Found locally available resource with matching checksum: [https://repo.maven.apache.org/maven2/org/jetbrains/kotlin/kotlin-gradle-plugin-idea-proto/2.2.10/kotlin-gradle-plugin-idea-proto-2.2.10.pom, /opt/gradle/.gradle/caches/modules-2/files-2.1/org.jetbrains.kotlin/kotlin-gradle-plugin-idea-proto/2.2.10/6674e8e8933c44691c275d9397685b154da65f57/kotlin-gradle-plugin-idea-proto-2.2.10.pom]
Found locally available resource with matching checksum: [https://repo.maven.apache.org/maven2/org/jetbrains/kotlin/kotlin-klib-commonizer-api/2.2.10/kotlin-klib-commonizer-api-2.2.10.pom, /opt/gradle/.gradle/caches/modules-2/files-2.1/org.jetbrains.kotlin/kotlin-klib-commonizer-api/2.2.10/c83b40838d55ab393fd140add04bf5e3275df1d7/kotlin-klib-commonizer-api-2.2.10.pom]
Found locally available resource with matching checksum: [https://repo.maven.apache.org/maven2/org/jetbrains/kotlin/kotlin-build-statistics/2.2.10/kotlin-build-statistics-2.2.10.pom, /opt/gradle/.gradle/caches/modules-2/files-2.1/org.jetbrains.kotlin/kotlin-build-statistics/2.2.10/9c9067de09a5c6d88dfb3f63673093141aa77995/kotlin-build-statistics-2.2.10.pom]
Found locally available resource with matching checksum: [https://repo.maven.apache.org/maven2/org/jetbrains/kotlin/kotlin-util-klib-metadata/2.2.10/kotlin-util-klib-metadata-2.2.10.pom, /opt/gradle/.gradle/caches/modules-2/files-2.1/org.jetbrains.kotlin/kotlin-util-klib-metadata/2.2.10/8045a2c3143d4d1c94aec0e95dbf77520afdc18a/kotlin-util-klib-metadata-2.2.10.pom]
Found locally available resource with matching checksum: [https://repo.maven.apache.org/maven2/org/jetbrains/kotlin/abi-tools-api/2.2.10/abi-tools-api-2.2.10.pom, /opt/gradle/.gradle/caches/modules-2/files-2.1/org.jetbrains.kotlin/abi-tools-api/2.2.10/e93867f7c8f03745abe3147555e251317d7aec79/abi-tools-api-2.2.10.pom]
Found locally available resource with matching checksum: [https://repo.maven.apache.org/maven2/org/jetbrains/kotlin/kotlin-gradle-plugin-api/2.2.10/kotlin-gradle-plugin-api-2.2.10.pom, /opt/gradle/.gradle/caches/modules-2/files-2.1/org.jetbrains.kotlin/kotlin-gradle-plugin-api/2.2.10/636bbd687d7e44b6741670115a00ae3c48ad8de2/kotlin-gradle-plugin-api-2.2.10.pom]
Found locally available resource with matching checksum: [https://repo.maven.apache.org/maven2/org/jetbrains/kotlin/kotlin-gradle-plugin-api/2.2.10/kotlin-gradle-plugin-api-2.2.10.module, /opt/gradle/.gradle/caches/modules-2/files-2.1/org.jetbrains.kotlin/kotlin-gradle-plugin-api/2.2.10/dc2a5440de036a1315c6b1a112ab523f4918975b/kotlin-gradle-plugin-api-2.2.10.module]
Found locally available resource with matching checksum: [https://repo.maven.apache.org/maven2/org/jetbrains/kotlin/kotlin-gradle-plugin-model/2.2.10/kotlin-gradle-plugin-model-2.2.10.pom, /opt/gradle/.gradle/caches/modules-2/files-2.1/org.jetbrains.kotlin/kotlin-gradle-plugin-model/2.2.10/87c96a15b2781c7e7a8360bcaf02296841078da1/kotlin-gradle-plugin-model-2.2.10.pom]
Found locally available resource with matching checksum: [https://repo.maven.apache.org/maven2/org/jetbrains/kotlin/kotlin-gradle-plugin-model/2.2.10/kotlin-gradle-plugin-model-2.2.10.module, /opt/gradle/.gradle/caches/modules-2/files-2.1/org.jetbrains.kotlin/kotlin-gradle-plugin-model/2.2.10/6ebaf058aa7d26f03aa2351cca55bc363f8905d5/kotlin-gradle-plugin-model-2.2.10.module]
Found locally available resource with matching checksum: [https://repo.maven.apache.org/maven2/org/jetbrains/kotlin/fus-statistics-gradle-plugin/2.2.10/fus-statistics-gradle-plugin-2.2.10.pom, /opt/gradle/.gradle/caches/modules-2/files-2.1/org.jetbrains.kotlin/fus-statistics-gradle-plugin/2.2.10/af22ee96fe22f49c514467e137e8807243fa8c58/fus-statistics-gradle-plugin-2.2.10.pom]
Found locally available resource with matching checksum: [https://repo.maven.apache.org/maven2/org/jetbrains/kotlin/fus-statistics-gradle-plugin/2.2.10/fus-statistics-gradle-plugin-2.2.10.module, /opt/gradle/.gradle/caches/modules-2/files-2.1/org.jetbrains.kotlin/fus-statistics-gradle-plugin/2.2.10/23d62f7392a0db9c63987119359335d2c869ad60/fus-statistics-gradle-plugin-2.2.10.module]
Found locally available resource with matching checksum: [https://repo.maven.apache.org/maven2/org/jetbrains/kotlin/kotlin-compiler-runner/2.2.10/kotlin-compiler-runner-2.2.10.pom, /opt/gradle/.gradle/caches/modules-2/files-2.1/org.jetbrains.kotlin/kotlin-compiler-runner/2.2.10/86f548c94190375005e20c9801ba254ddc51ba74/kotlin-compiler-runner-2.2.10.pom]
Resource missing. [HTTP HEAD: https://dl.google.com/dl/android/maven2/com/google/errorprone/error_prone_annotations/2.18.0/error_prone_annotations-2.18.0.pom]
Found locally available resource with matching checksum: [https://repo.maven.apache.org/maven2/com/google/errorprone/error_prone_annotations/2.18.0/error_prone_annotations-2.18.0.pom, /opt/gradle/.gradle/caches/modules-2/files-2.1/com.google.errorprone/error_prone_annotations/2.18.0/6d7bbfd3d7567e4c18e981a675ecda707e8a2db1/error_prone_annotations-2.18.0.pom]
Resource missing. [HTTP HEAD: https://dl.google.com/dl/android/maven2/com/google/errorprone/error_prone_parent/2.18.0/error_prone_parent-2.18.0.pom]
Found locally available resource with matching checksum: [https://repo.maven.apache.org/maven2/com/google/errorprone/error_prone_parent/2.18.0/error_prone_parent-2.18.0.pom, /opt/gradle/.gradle/caches/modules-2/files-2.1/com.google.errorprone/error_prone_parent/2.18.0/b1779a677965027cd2a3de91e61a80102086bb30/error_prone_parent-2.18.0.pom]
Resource missing. [HTTP HEAD: https://dl.google.com/dl/android/maven2/com/google/j2objc/j2objc-annotations/2.8/j2objc-annotations-2.8.pom]
Resource missing. [HTTP HEAD: https://dl.google.com/dl/android/maven2/com/google/code/findbugs/jsr305/3.0.2/jsr305-3.0.2.pom]
Found locally available resource with matching checksum: [https://repo.maven.apache.org/maven2/com/google/code/findbugs/jsr305/3.0.2/jsr305-3.0.2.pom, /opt/gradle/.gradle/caches/modules-2/files-2.1/com.google.code.findbugs/jsr305/3.0.2/8d93cdf4d84d7e1de736df607945c6df0730a10f/jsr305-3.0.2.pom]
Found locally available resource with matching checksum: [https://repo.maven.apache.org/maven2/com/google/j2objc/j2objc-annotations/2.8/j2objc-annotations-2.8.pom, /opt/gradle/.gradle/caches/modules-2/files-2.1/com.google.j2objc/j2objc-annotations/2.8/c8daacea97066c6826844e2175ec89857e598122/j2objc-annotations-2.8.pom]
Resource missing. [HTTP HEAD: https://dl.google.com/dl/android/maven2/com/google/errorprone/error_prone_annotations/2.27.0/error_prone_annotations-2.27.0.pom]
Found locally available resource with matching checksum: [https://repo.maven.apache.org/maven2/com/google/errorprone/error_prone_annotations/2.27.0/error_prone_annotations-2.27.0.pom, /opt/gradle/.gradle/caches/modules-2/files-2.1/com.google.errorprone/error_prone_annotations/2.27.0/85103026aa50b0e4efafee8f486e3ecd9ebfde31/error_prone_annotations-2.27.0.pom]
Resource missing. [HTTP HEAD: https://dl.google.com/dl/android/maven2/com/google/errorprone/error_prone_parent/2.27.0/error_prone_parent-2.27.0.pom]
Found locally available resource with matching checksum: [https://repo.maven.apache.org/maven2/com/google/errorprone/error_prone_parent/2.27.0/error_prone_parent-2.27.0.pom, /opt/gradle/.gradle/caches/modules-2/files-2.1/com.google.errorprone/error_prone_parent/2.27.0/336f77abf2668b10cae4ab136ea0c8258875de00/error_prone_parent-2.27.0.pom]
Found locally available resource with matching checksum: [https://repo.maven.apache.org/maven2/org/checkerframework/checker-qual/2.5.8/checker-qual-2.5.8.pom, /opt/gradle/.gradle/caches/modules-2/files-2.1/org.checkerframework/checker-qual/2.5.8/5eb0c9262e891ee4dfa3410b9be611e47c79779f/checker-qual-2.5.8.pom]
Resource missing. [HTTP HEAD: https://dl.google.com/dl/android/maven2/com/google/flatbuffers/flatbuffers-java/1.12.0/flatbuffers-java-1.12.0.pom]
Found locally available resource with matching checksum: [https://repo.maven.apache.org/maven2/com/google/flatbuffers/flatbuffers-java/1.12.0/flatbuffers-java-1.12.0.pom, /opt/gradle/.gradle/caches/modules-2/files-2.1/com.google.flatbuffers/flatbuffers-java/1.12.0/f93bdcc0b38ffbec623e6610e0cddacae758cb54/flatbuffers-java-1.12.0.pom]
Found locally available resource with matching checksum: [https://dl.google.com/dl/android/maven2/com/android/tools/analytics-library/tracker/32.1.1/tracker-32.1.1.pom, /opt/gradle/.gradle/caches/modules-2/files-2.1/com.android.tools.analytics-library/tracker/32.1.1/5f862197fd23f13e58c9e6bc2378f13d4be8bed/tracker-32.1.1.pom]
Found locally available resource with matching checksum: [https://dl.google.com/dl/android/maven2/com/android/signflinger/9.1.1/signflinger-9.1.1.pom, /opt/gradle/.gradle/caches/modules-2/files-2.1/com.android/signflinger/9.1.1/a3f29bc68ced339225af4969ba3e049f8149bb5c/signflinger-9.1.1.pom]
Found locally available resource with matching checksum: [https://dl.google.com/dl/android/maven2/com/android/zipflinger/9.1.1/zipflinger-9.1.1.pom, /opt/gradle/.gradle/caches/modules-2/files-2.1/com.android/zipflinger/9.1.1/90d673be698280b528c2d0371faaba9f84958243/zipflinger-9.1.1.pom]
Found locally available resource with matching checksum: [https://dl.google.com/dl/android/maven2/com/android/tools/build/manifest-merger/32.1.1/manifest-merger-32.1.1.pom, /opt/gradle/.gradle/caches/modules-2/files-2.1/com.android.tools.build/manifest-merger/32.1.1/939a2790a14804fec31441a0bccf58b7e4a619f4/manifest-merger-32.1.1.pom]
Found locally available resource with matching checksum: [https://dl.google.com/dl/android/maven2/com/android/tools/build/apksig/9.1.1/apksig-9.1.1.pom, /opt/gradle/.gradle/caches/modules-2/files-2.1/com.android.tools.build/apksig/9.1.1/a0827d42d41d5f024c04e1388a91eb0c9112b7b6/apksig-9.1.1.pom]
Found locally available resource with matching checksum: [https://dl.google.com/dl/android/maven2/com/android/tools/build/manifest-merger/32.1.1/manifest-merger-32.1.1.module, /opt/gradle/.gradle/caches/modules-2/files-2.1/com.android.tools.build/manifest-merger/32.1.1/6b45c0ec4cdbe598f813a660c58c043687671bd9/manifest-merger-32.1.1.module]
Found locally available resource with matching checksum: [https://dl.google.com/dl/android/maven2/com/android/tools/build/apkzlib/9.1.1/apkzlib-9.1.1.pom, /opt/gradle/.gradle/caches/modules-2/files-2.1/com.android.tools.build/apkzlib/9.1.1/2459d89adb853481ba745f570a49704abea49b1c/apkzlib-9.1.1.pom]
Found locally available resource with matching checksum: [https://repo.maven.apache.org/maven2/com/squareup/javawriter/2.5.0/javawriter-2.5.0.pom, /opt/gradle/.gradle/caches/modules-2/files-2.1/com.squareup/javawriter/2.5.0/d932f2476f65ecd95dcd6fd8c568b3f466f6a482/javawriter-2.5.0.pom]
Found locally available resource with matching checksum: [https://repo.maven.apache.org/maven2/io/github/takahirom/roborazzi/roborazzi-core-jvm/1.59.0/roborazzi-core-jvm-1.59.0.pom, /opt/gradle/.gradle/caches/modules-2/files-2.1/io.github.takahirom.roborazzi/roborazzi-core-jvm/1.59.0/4df7060fbf0a3938e3c558d0291e1298c5c7fff9/roborazzi-core-jvm-1.59.0.pom]
Found locally available resource with matching checksum: [https://repo.maven.apache.org/maven2/io/github/takahirom/roborazzi/roborazzi-core-jvm/1.59.0/roborazzi-core-jvm-1.59.0.module, /opt/gradle/.gradle/caches/modules-2/files-2.1/io.github.takahirom.roborazzi/roborazzi-core-jvm/1.59.0/b820472bc1a17f0a249f0eae6089d3ca47e6bdf9/roborazzi-core-jvm-1.59.0.module]
Found locally available resource with matching checksum: [https://repo.maven.apache.org/maven2/org/jetbrains/kotlinx/kotlinx-serialization-json-jvm/1.6.3/kotlinx-serialization-json-jvm-1.6.3.pom, /opt/gradle/.gradle/caches/modules-2/files-2.1/org.jetbrains.kotlinx/kotlinx-serialization-json-jvm/1.6.3/15f297dd7f80e49304c115efb29ee2b73df22afe/kotlinx-serialization-json-jvm-1.6.3.pom]
Found locally available resource with matching checksum: [https://repo.maven.apache.org/maven2/org/jetbrains/kotlinx/kotlinx-serialization-json-jvm/1.6.3/kotlinx-serialization-json-jvm-1.6.3.module, /opt/gradle/.gradle/caches/modules-2/files-2.1/org.jetbrains.kotlinx/kotlinx-serialization-json-jvm/1.6.3/63b79d329e23d303f603737bd5b9d4660cb339c7/kotlinx-serialization-json-jvm-1.6.3.module]
Found locally available resource with matching checksum: [https://repo.maven.apache.org/maven2/org/jspecify/jspecify/0.3.0/jspecify-0.3.0.pom, /opt/gradle/.gradle/caches/modules-2/files-2.1/org.jspecify/jspecify/0.3.0/fad75a9daeff7281b32e05ea31e2210d31c41186/jspecify-0.3.0.pom]
Found locally available resource with matching checksum: [https://repo.maven.apache.org/maven2/org/jspecify/jspecify/0.3.0/jspecify-0.3.0.module, /opt/gradle/.gradle/caches/modules-2/files-2.1/org.jspecify/jspecify/0.3.0/d7e692f2aed1e9749a144a6afb954e503f24bc9c/jspecify-0.3.0.module]
Found locally available resource with matching checksum: [https://repo.maven.apache.org/maven2/org/checkerframework/checker-qual/3.43.0/checker-qual-3.43.0.pom, /opt/gradle/.gradle/caches/modules-2/files-2.1/org.checkerframework/checker-qual/3.43.0/48ad8955d64547b84ef581361c29c030e56430cb/checker-qual-3.43.0.pom]
Found locally available resource with matching checksum: [https://repo.maven.apache.org/maven2/org/checkerframework/checker-qual/3.43.0/checker-qual-3.43.0.module, /opt/gradle/.gradle/caches/modules-2/files-2.1/org.checkerframework/checker-qual/3.43.0/3020cf05cf20a5f6e2137e59291be76cd1252b83/checker-qual-3.43.0.module]
Resource missing. [HTTP HEAD: https://dl.google.com/dl/android/maven2/com/google/errorprone/error_prone_annotations/2.28.0/error_prone_annotations-2.28.0.pom]
Found locally available resource with matching checksum: [https://repo.maven.apache.org/maven2/com/google/errorprone/error_prone_annotations/2.28.0/error_prone_annotations-2.28.0.pom, /opt/gradle/.gradle/caches/modules-2/files-2.1/com.google.errorprone/error_prone_annotations/2.28.0/6ab92cea437b733e5ef832e575cbf50fa8aebfad/error_prone_annotations-2.28.0.pom]
Resource missing. [HTTP HEAD: https://dl.google.com/dl/android/maven2/com/google/errorprone/error_prone_parent/2.28.0/error_prone_parent-2.28.0.pom]
Found locally available resource with matching checksum: [https://repo.maven.apache.org/maven2/com/google/errorprone/error_prone_parent/2.28.0/error_prone_parent-2.28.0.pom, /opt/gradle/.gradle/caches/modules-2/files-2.1/com.google.errorprone/error_prone_parent/2.28.0/5f307de93ba6c82a0ca99404c1ab927f68c7038a/error_prone_parent-2.28.0.pom]
Resource missing. [HTTP HEAD: https://dl.google.com/dl/android/maven2/com/google/j2objc/j2objc-annotations/3.0.0/j2objc-annotations-3.0.0.pom]
Found locally available resource with matching checksum: [https://repo.maven.apache.org/maven2/com/google/j2objc/j2objc-annotations/3.0.0/j2objc-annotations-3.0.0.pom, /opt/gradle/.gradle/caches/modules-2/files-2.1/com.google.j2objc/j2objc-annotations/3.0.0/45cbaa9d129a696907d1e5bc56c707b6a0043181/j2objc-annotations-3.0.0.pom]
Resource missing. [HTTP HEAD: https://dl.google.com/dl/android/maven2/com/google/guava/listenablefuture/9999.0-empty-to-avoid-conflict-with-guava/listenablefuture-9999.0-empty-to-avoid-conflict-with-guava.pom]
Resource missing. [HTTP HEAD: https://dl.google.com/dl/android/maven2/com/google/guava/failureaccess/1.0.2/failureaccess-1.0.2.pom]
Found locally available resource with matching checksum: [https://repo.maven.apache.org/maven2/com/google/guava/listenablefuture/9999.0-empty-to-avoid-conflict-with-guava/listenablefuture-9999.0-empty-to-avoid-conflict-with-guava.pom, /opt/gradle/.gradle/caches/modules-2/files-2.1/com.google.guava/listenablefuture/9999.0-empty-to-avoid-conflict-with-guava/1b77ba79f9b2b7dfd4e15ea7bb0d568d5eb9cb8d/listenablefuture-9999.0-empty-to-avoid-conflict-with-guava.pom]
Resource missing. [HTTP HEAD: https://dl.google.com/dl/android/maven2/com/google/guava/guava-parent/26.0-android/guava-parent-26.0-android.pom]
Found locally available resource with matching checksum: [https://repo.maven.apache.org/maven2/com/google/guava/failureaccess/1.0.2/failureaccess-1.0.2.pom, /opt/gradle/.gradle/caches/modules-2/files-2.1/com.google.guava/failureaccess/1.0.2/2df7ebe307b885a222be352d3bffd5fcf0428ad4/failureaccess-1.0.2.pom]
Found locally available resource with matching checksum: [https://repo.maven.apache.org/maven2/com/google/guava/guava-parent/26.0-android/guava-parent-26.0-android.pom, /opt/gradle/.gradle/caches/modules-2/files-2.1/com.google.guava/guava-parent/26.0-android/a2c0df489614352b7e8e503e274bd1dee5c42a64/guava-parent-26.0-android.pom]
Found locally available resource with matching checksum: [https://repo.maven.apache.org/maven2/commons-codec/commons-codec/1.17.1/commons-codec-1.17.1.pom, /opt/gradle/.gradle/caches/modules-2/files-2.1/commons-codec/commons-codec/1.17.1/d187e2d50ab520895df0dcb9d88980ffea50bfa3/commons-codec-1.17.1.pom]
Found locally available resource with matching checksum: [https://repo.maven.apache.org/maven2/org/apache/commons/commons-parent/71/commons-parent-71.pom, /opt/gradle/.gradle/caches/modules-2/files-2.1/org.apache.commons/commons-parent/71/91d35791f5037779fb320d054ed09cb14925dc32/commons-parent-71.pom]
Found locally available resource with matching checksum: [https://repo.maven.apache.org/maven2/org/apache/apache/32/apache-32.pom, /opt/gradle/.gradle/caches/modules-2/files-2.1/org.apache/apache/32/2e08f841a6fbc946452701faaf5e39a17ac97ef3/apache-32.pom]
Found locally available resource with matching checksum: [https://repo.maven.apache.org/maven2/org/apache/commons/commons-lang3/3.16.0/commons-lang3-3.16.0.pom, /opt/gradle/.gradle/caches/modules-2/files-2.1/org.apache.commons/commons-lang3/3.16.0/48213bd4b10e67ea9a51e5fd5383f3cb0d473271/commons-lang3-3.16.0.pom]
Found locally available resource with matching checksum: [https://repo.maven.apache.org/maven2/org/bouncycastle/bcutil-jdk18on/1.79/bcutil-jdk18on-1.79.pom, /opt/gradle/.gradle/caches/modules-2/files-2.1/org.bouncycastle/bcutil-jdk18on/1.79/fcfc0f7305fbf2a4a1a1207887e8e1d230e9210d/bcutil-jdk18on-1.79.pom]
Found locally available resource with matching checksum: [https://repo.maven.apache.org/maven2/org/jetbrains/kotlinx/kotlinx-coroutines-core-jvm/1.9.0/kotlinx-coroutines-core-jvm-1.9.0.pom, /opt/gradle/.gradle/caches/modules-2/files-2.1/org.jetbrains.kotlinx/kotlinx-coroutines-core-jvm/1.9.0/f3febcf3224434beeb65f4d19de553b6b9db6fd/kotlinx-coroutines-core-jvm-1.9.0.pom]
Found locally available resource with matching checksum: [https://repo.maven.apache.org/maven2/org/jetbrains/kotlinx/kotlinx-coroutines-core-jvm/1.9.0/kotlinx-coroutines-core-jvm-1.9.0.module, /opt/gradle/.gradle/caches/modules-2/files-2.1/org.jetbrains.kotlinx/kotlinx-coroutines-core-jvm/1.9.0/253c11ec9fcf1ba2abc04263404ae403e4560e76/kotlinx-coroutines-core-jvm-1.9.0.module]
Found locally available resource with matching checksum: [https://repo.maven.apache.org/maven2/commons-logging/commons-logging/1.2/commons-logging-1.2.pom, /opt/gradle/.gradle/caches/modules-2/files-2.1/commons-logging/commons-logging/1.2/75c03ba4b01932842a996ef8d3fc1ab61ddeac2/commons-logging-1.2.pom]
Found locally available resource with matching checksum: [https://repo.maven.apache.org/maven2/org/apache/commons/commons-parent/34/commons-parent-34.pom, /opt/gradle/.gradle/caches/modules-2/files-2.1/org.apache.commons/commons-parent/34/1f6be162a806d8343e3cd238dd728558532473a5/commons-parent-34.pom]
Found locally available resource with matching checksum: [https://repo.maven.apache.org/maven2/org/apache/apache/13/apache-13.pom, /opt/gradle/.gradle/caches/modules-2/files-2.1/org.apache/apache/13/15aff1faaec4963617f07dbe8e603f0adabc3a12/apache-13.pom]
Found locally available resource with matching checksum: [https://repo.maven.apache.org/maven2/net/java/dev/jna/jna/5.6.0/jna-5.6.0.pom, /opt/gradle/.gradle/caches/modules-2/files-2.1/net.java.dev.jna/jna/5.6.0/e542808a6326ec0302c0b09011cb4363e1ece380/jna-5.6.0.pom]
Found locally available resource with matching checksum: [https://repo.maven.apache.org/maven2/org/jetbrains/kotlin/compose-compiler-gradle-plugin/2.2.10/compose-compiler-gradle-plugin-2.2.10.pom, /opt/gradle/.gradle/caches/modules-2/files-2.1/org.jetbrains.kotlin/compose-compiler-gradle-plugin/2.2.10/cc0ec2532618715dbe10604aebd4586e12be0ba5/compose-compiler-gradle-plugin-2.2.10.pom]
Found locally available resource with matching checksum: [https://repo.maven.apache.org/maven2/org/jetbrains/kotlin/compose-compiler-gradle-plugin/2.2.10/compose-compiler-gradle-plugin-2.2.10.module, /opt/gradle/.gradle/caches/modules-2/files-2.1/org.jetbrains.kotlin/compose-compiler-gradle-plugin/2.2.10/39b644e8a1af7c42405c7b07e4467c8ee62364e5/compose-compiler-gradle-plugin-2.2.10.module]
Found locally available resource with matching checksum: [https://repo.maven.apache.org/maven2/org/jetbrains/kotlin/kotlin-serialization/2.2.10/kotlin-serialization-2.2.10.pom, /opt/gradle/.gradle/caches/modules-2/files-2.1/org.jetbrains.kotlin/kotlin-serialization/2.2.10/147bef98862b0d03c613a8b4676de6a01eeea048/kotlin-serialization-2.2.10.pom]
Found locally available resource with matching checksum: [https://repo.maven.apache.org/maven2/org/jetbrains/kotlin/kotlin-serialization/2.2.10/kotlin-serialization-2.2.10.module, /opt/gradle/.gradle/caches/modules-2/files-2.1/org.jetbrains.kotlin/kotlin-serialization/2.2.10/729915d9bb1aaec1752abeda27980a123ecdde2b/kotlin-serialization-2.2.10.module]
Found locally available resource with matching checksum: [https://repo.maven.apache.org/maven2/org/jetbrains/kotlin/kotlin-tooling-core/2.2.10/kotlin-tooling-core-2.2.10.pom, /opt/gradle/.gradle/caches/modules-2/files-2.1/org.jetbrains.kotlin/kotlin-tooling-core/2.2.10/81044418789211226b44cba30c91cdb7151a6ab5/kotlin-tooling-core-2.2.10.pom]
Found locally available resource with matching checksum: [https://repo.maven.apache.org/maven2/org/jetbrains/kotlin/kotlin-gradle-plugin-annotations/2.2.10/kotlin-gradle-plugin-annotations-2.2.10.pom, /opt/gradle/.gradle/caches/modules-2/files-2.1/org.jetbrains.kotlin/kotlin-gradle-plugin-annotations/2.2.10/80a27b0e0e239763286691af5736f03c011cc499/kotlin-gradle-plugin-annotations-2.2.10.pom]
Found locally available resource with matching checksum: [https://repo.maven.apache.org/maven2/org/jetbrains/kotlin/kotlin-native-utils/2.2.10/kotlin-native-utils-2.2.10.pom, /opt/gradle/.gradle/caches/modules-2/files-2.1/org.jetbrains.kotlin/kotlin-native-utils/2.2.10/53b16a5cbcc45256297575f0785bc174b1a48693/kotlin-native-utils-2.2.10.pom]
Found locally available resource with matching checksum: [https://repo.maven.apache.org/maven2/org/jetbrains/kotlin/kotlin-build-tools-api/2.2.10/kotlin-build-tools-api-2.2.10.pom, /opt/gradle/.gradle/caches/modules-2/files-2.1/org.jetbrains.kotlin/kotlin-build-tools-api/2.2.10/bd273e5e6fca899296058f0dc9e2369c120422bc/kotlin-build-tools-api-2.2.10.pom]
Found locally available resource with matching checksum: [https://repo.maven.apache.org/maven2/org/jetbrains/kotlin/kotlin-util-io/2.2.10/kotlin-util-io-2.2.10.pom, /opt/gradle/.gradle/caches/modules-2/files-2.1/org.jetbrains.kotlin/kotlin-util-io/2.2.10/3fe606039696f5f8306bb4cc61b1b6e8afbc8029/kotlin-util-io-2.2.10.pom]
Found locally available resource with matching checksum: [https://repo.maven.apache.org/maven2/org/jetbrains/kotlin/kotlin-util-klib/2.2.10/kotlin-util-klib-2.2.10.pom, /opt/gradle/.gradle/caches/modules-2/files-2.1/org.jetbrains.kotlin/kotlin-util-klib/2.2.10/895ebc000519a02ad76576680852cefc34ec93ec/kotlin-util-klib-2.2.10.pom]
Found locally available resource with matching checksum: [https://repo.maven.apache.org/maven2/org/jetbrains/kotlin/kotlin-daemon-client/2.2.10/kotlin-daemon-client-2.2.10.pom, /opt/gradle/.gradle/caches/modules-2/files-2.1/org.jetbrains.kotlin/kotlin-daemon-client/2.2.10/d0c14eff36d629de71fdc9abe3b9e66b1633d8f2/kotlin-daemon-client-2.2.10.pom]
Found locally available resource with matching checksum: [https://repo.maven.apache.org/maven2/com/dropbox/differ/differ/0.3.0/differ-0.3.0.pom, /opt/gradle/.gradle/caches/modules-2/files-2.1/com.dropbox.differ/differ/0.3.0/1f37d276d131c73ccb327e4d56da245a414db183/differ-0.3.0.pom]
Found locally available resource with matching checksum: [https://repo.maven.apache.org/maven2/com/dropbox/differ/differ/0.3.0/differ-0.3.0.module, /opt/gradle/.gradle/caches/modules-2/files-2.1/com.dropbox.differ/differ/0.3.0/612316dc34986ccaaf9f04cb24887ed43ebd4a73/differ-0.3.0.module]
Found locally available resource with matching checksum: [https://repo.maven.apache.org/maven2/org/jetbrains/kotlinx/kotlinx-io-core/0.3.3/kotlinx-io-core-0.3.3.pom, /opt/gradle/.gradle/caches/modules-2/files-2.1/org.jetbrains.kotlinx/kotlinx-io-core/0.3.3/610610e0f5027b864d5157bd34714b4979a061bc/kotlinx-io-core-0.3.3.pom]
Found locally available resource with matching checksum: [https://repo.maven.apache.org/maven2/org/jetbrains/kotlinx/kotlinx-io-core/0.3.3/kotlinx-io-core-0.3.3.module, /opt/gradle/.gradle/caches/modules-2/files-2.1/org.jetbrains.kotlinx/kotlinx-io-core/0.3.3/56e62219f17d37f98c4dc1a6a09c286a3190de6/kotlinx-io-core-0.3.3.module]
Found locally available resource with matching checksum: [https://repo.maven.apache.org/maven2/org/jetbrains/kotlinx/kotlinx-serialization-core/1.6.3/kotlinx-serialization-core-1.6.3.pom, /opt/gradle/.gradle/caches/modules-2/files-2.1/org.jetbrains.kotlinx/kotlinx-serialization-core/1.6.3/38183eabf85b110b6b571a6ca2eef6570ad1227e/kotlinx-serialization-core-1.6.3.pom]
Found locally available resource with matching checksum: [https://repo.maven.apache.org/maven2/org/jetbrains/kotlinx/kotlinx-serialization-core/1.6.3/kotlinx-serialization-core-1.6.3.module, /opt/gradle/.gradle/caches/modules-2/files-2.1/org.jetbrains.kotlinx/kotlinx-serialization-core/1.6.3/f98b41cd403930cd62ed69fb9cea2dc98d1eb45b/kotlinx-serialization-core-1.6.3.module]
Found locally available resource with matching checksum: [https://repo.maven.apache.org/maven2/org/jetbrains/kotlin/kotlin-stdlib-jdk7/2.2.10/kotlin-stdlib-jdk7-2.2.10.pom, /opt/gradle/.gradle/caches/modules-2/files-2.1/org.jetbrains.kotlin/kotlin-stdlib-jdk7/2.2.10/7ac7f0119f2bcb321a91d04aca06a5d2543dfeb9/kotlin-stdlib-jdk7-2.2.10.pom]
Found locally available resource with matching checksum: [https://repo.maven.apache.org/maven2/org/jetbrains/kotlin/kotlin-stdlib-common/1.9.22/kotlin-stdlib-common-1.9.22.pom, /opt/gradle/.gradle/caches/modules-2/files-2.1/org.jetbrains.kotlin/kotlin-stdlib-common/1.9.22/6e65c712501870f7b7d122ee0563bf3e8728d0bf/kotlin-stdlib-common-1.9.22.pom]
Found locally available resource with matching checksum: [https://repo.maven.apache.org/maven2/org/jetbrains/kotlin/kotlin-stdlib-common/1.9.22/kotlin-stdlib-common-1.9.22.module, /opt/gradle/.gradle/caches/modules-2/files-2.1/org.jetbrains.kotlin/kotlin-stdlib-common/1.9.22/ca923df03d37dbf956768397e8440bfd11431355/kotlin-stdlib-common-1.9.22.module]
Found locally available resource with matching checksum: [https://repo.maven.apache.org/maven2/com/dropbox/differ/differ-jvm/0.3.0/differ-jvm-0.3.0.pom, /opt/gradle/.gradle/caches/modules-2/files-2.1/com.dropbox.differ/differ-jvm/0.3.0/9e971e30352f16d2d5320f7d5a10ba0e12c67977/differ-jvm-0.3.0.pom]
Found locally available resource with matching checksum: [https://repo.maven.apache.org/maven2/com/dropbox/differ/differ-jvm/0.3.0/differ-jvm-0.3.0.module, /opt/gradle/.gradle/caches/modules-2/files-2.1/com.dropbox.differ/differ-jvm/0.3.0/41054e175f5a7071fa8bd5e79ebc08d408bb5e88/differ-jvm-0.3.0.module]
Found locally available resource with matching checksum: [https://repo.maven.apache.org/maven2/org/jetbrains/kotlinx/kotlinx-io-core-jvm/0.3.3/kotlinx-io-core-jvm-0.3.3.pom, /opt/gradle/.gradle/caches/modules-2/files-2.1/org.jetbrains.kotlinx/kotlinx-io-core-jvm/0.3.3/525454e9caee91831cd7bb8c1693c1d28305c543/kotlinx-io-core-jvm-0.3.3.pom]
Found locally available resource with matching checksum: [https://repo.maven.apache.org/maven2/org/jetbrains/kotlinx/kotlinx-io-core-jvm/0.3.3/kotlinx-io-core-jvm-0.3.3.module, /opt/gradle/.gradle/caches/modules-2/files-2.1/org.jetbrains.kotlinx/kotlinx-io-core-jvm/0.3.3/4ab2028bd055240607d97b12fd0ebcfc53149a6e/kotlinx-io-core-jvm-0.3.3.module]
Found locally available resource with matching checksum: [https://repo.maven.apache.org/maven2/org/jetbrains/kotlinx/kotlinx-serialization-core-jvm/1.6.3/kotlinx-serialization-core-jvm-1.6.3.pom, /opt/gradle/.gradle/caches/modules-2/files-2.1/org.jetbrains.kotlinx/kotlinx-serialization-core-jvm/1.6.3/885c15b316e671529562a9565b86995bb345271a/kotlinx-serialization-core-jvm-1.6.3.pom]
Found locally available resource with matching checksum: [https://repo.maven.apache.org/maven2/org/jetbrains/kotlinx/kotlinx-serialization-core-jvm/1.6.3/kotlinx-serialization-core-jvm-1.6.3.module, /opt/gradle/.gradle/caches/modules-2/files-2.1/org.jetbrains.kotlinx/kotlinx-serialization-core-jvm/1.6.3/5d3ef2fb1358d8402da0e83cce547bb070245ad9/kotlinx-serialization-core-jvm-1.6.3.module]
Found locally available resource with matching checksum: [https://repo.maven.apache.org/maven2/org/jetbrains/kotlinx/kotlinx-io-bytestring/0.3.3/kotlinx-io-bytestring-0.3.3.pom, /opt/gradle/.gradle/caches/modules-2/files-2.1/org.jetbrains.kotlinx/kotlinx-io-bytestring/0.3.3/2b13e98a987b4cf3650bb511495b3a2e42b71f31/kotlinx-io-bytestring-0.3.3.pom]
Found locally available resource with matching checksum: [https://repo.maven.apache.org/maven2/org/jetbrains/kotlinx/kotlinx-io-bytestring/0.3.3/kotlinx-io-bytestring-0.3.3.module, /opt/gradle/.gradle/caches/modules-2/files-2.1/org.jetbrains.kotlinx/kotlinx-io-bytestring/0.3.3/b6b1188e853d2bab54086e8000beddb96197cb7a/kotlinx-io-bytestring-0.3.3.module]
Found locally available resource with matching checksum: [https://repo.maven.apache.org/maven2/org/jetbrains/kotlinx/kotlinx-io-bytestring-jvm/0.3.3/kotlinx-io-bytestring-jvm-0.3.3.pom, /opt/gradle/.gradle/caches/modules-2/files-2.1/org.jetbrains.kotlinx/kotlinx-io-bytestring-jvm/0.3.3/4e636203445eaefc7d44753a104cab86942ca1ca/kotlinx-io-bytestring-jvm-0.3.3.pom]
Found locally available resource with matching checksum: [https://repo.maven.apache.org/maven2/org/jetbrains/kotlinx/kotlinx-io-bytestring-jvm/0.3.3/kotlinx-io-bytestring-jvm-0.3.3.module, /opt/gradle/.gradle/caches/modules-2/files-2.1/org.jetbrains.kotlinx/kotlinx-io-bytestring-jvm/0.3.3/227cbe5f8eb0cb0840eb97c9983e84797ba79ccf/kotlinx-io-bytestring-jvm-0.3.3.module]
Found locally available resource with matching checksum: [https://dl.google.com/dl/android/maven2/com/android/tools/build/gradle-settings-api/9.1.1/gradle-settings-api-9.1.1.jar, /opt/gradle/.gradle/caches/modules-2/files-2.1/com.android.tools.build/gradle-settings-api/9.1.1/1ec7e89fab3ddac711beac393327717d866bd838/gradle-settings-api-9.1.1.jar]
Found locally available resource with matching checksum: [https://dl.google.com/dl/android/maven2/com/android/tools/build/gradle-common-api/9.1.1/gradle-common-api-9.1.1.jar, /opt/gradle/.gradle/caches/modules-2/files-2.1/com.android.tools.build/gradle-common-api/9.1.1/d6ec5d6f63bba959468581ca1b0eacb8f7b2054f/gradle-common-api-9.1.1.jar]
Found locally available resource with matching checksum: [https://repo.maven.apache.org/maven2/io/github/takahirom/roborazzi/roborazzi-gradle-plugin/1.59.0/roborazzi-gradle-plugin-1.59.0.jar, /opt/gradle/.gradle/caches/modules-2/files-2.1/io.github.takahirom.roborazzi/roborazzi-gradle-plugin/1.59.0/b2b5c921e92f7ce40660e0e5cfad74dbad75aa5f/roborazzi-gradle-plugin-1.59.0.jar]
Found locally available resource with matching checksum: [https://repo.maven.apache.org/maven2/com/google/dagger/hilt-android-gradle-plugin/2.60.1/hilt-android-gradle-plugin-2.60.1.jar, /opt/gradle/.gradle/caches/modules-2/files-2.1/com.google.dagger/hilt-android-gradle-plugin/2.60.1/830b641efbd700a48de2c4cf3b8cbae37cc89491/hilt-android-gradle-plugin-2.60.1.jar]
Found locally available resource with matching checksum: [https://dl.google.com/dl/android/maven2/com/android/tools/build/gradle-api/9.1.1/gradle-api-9.1.1.jar, /opt/gradle/.gradle/caches/modules-2/files-2.1/com.android.tools.build/gradle-api/9.1.1/f8498feda114ca0f77d8cab04d2004d2d5d0f1f3/gradle-api-9.1.1.jar]
Found locally available resource with matching checksum: [https://dl.google.com/dl/android/maven2/com/android/tools/build/gradle/9.1.1/gradle-9.1.1.jar, /opt/gradle/.gradle/caches/modules-2/files-2.1/com.android.tools.build/gradle/9.1.1/62a383bdbf49b6fb5d4c63b0b2caf8798fd74328/gradle-9.1.1.jar]
Found locally available resource with matching checksum: [https://dl.google.com/dl/android/maven2/com/android/tools/utp/gradle-work-action-api/32.1.1/gradle-work-action-api-32.1.1.jar, /opt/gradle/.gradle/caches/modules-2/files-2.1/com.android.tools.utp/gradle-work-action-api/32.1.1/b462ea25a15aa4d95b1f7f626e44e3e397942ab/gradle-work-action-api-32.1.1.jar]
Found locally available resource with matching checksum: [https://dl.google.com/dl/android/maven2/com/android/tools/build/aaptcompiler/9.1.1/aaptcompiler-9.1.1.jar, /opt/gradle/.gradle/caches/modules-2/files-2.1/com.android.tools.build/aaptcompiler/9.1.1/20a60fe4ce3797ff197febf9c3aa2375ff8337d6/aaptcompiler-9.1.1.jar]
Found locally available resource with matching checksum: [https://dl.google.com/dl/android/maven2/androidx/databinding/databinding-compiler-common/9.1.1/databinding-compiler-common-9.1.1.jar, /opt/gradle/.gradle/caches/modules-2/files-2.1/androidx.databinding/databinding-compiler-common/9.1.1/80b8443b46aaf87d7f689f81de3b3dafcaf08eda/databinding-compiler-common-9.1.1.jar]
Invalidating in-memory cache of /opt/gradle/.gradle/caches/journal-1/file-access.bin
Found locally available resource with matching checksum: [https://dl.google.com/dl/android/maven2/com/android/tools/build/jetifier/jetifier-processor/1.0.0-beta10/jetifier-processor-1.0.0-beta10.jar, /opt/gradle/.gradle/caches/modules-2/files-2.1/com.android.tools.build.jetifier/jetifier-processor/1.0.0-beta10/946c39eb0c052ff4f60a8939648a8b99af20d604/jetifier-processor-1.0.0-beta10.jar]
Found locally available resource with matching checksum: [https://dl.google.com/dl/android/maven2/com/android/tools/build/jetifier/jetifier-core/1.0.0-beta10/jetifier-core-1.0.0-beta10.jar, /opt/gradle/.gradle/caches/modules-2/files-2.1/com.android.tools.build.jetifier/jetifier-core/1.0.0-beta10/6e621022a9c95af12a7004d6b55805bbd1126837/jetifier-core-1.0.0-beta10.jar]
Downloading https://repo.maven.apache.org/maven2/com/google/devtools/ksp/symbol-processing-gradle-plugin/2.2.10-2.0.2/symbol-processing-gradle-plugin-2.2.10-2.0.2.jar to /opt/gradle/.gradle/.tmp/gradle_download4260958090764430068bin
Downloading https://repo.maven.apache.org/maven2/com/google/devtools/ksp/symbol-processing-api/2.2.10-2.0.2/symbol-processing-api-2.2.10-2.0.2.jar to /opt/gradle/.gradle/.tmp/gradle_download13165917496470579355bin
Downloading https://repo.maven.apache.org/maven2/com/google/devtools/ksp/symbol-processing-common-deps/2.2.10-2.0.2/symbol-processing-common-deps-2.2.10-2.0.2.jar to /opt/gradle/.gradle/.tmp/gradle_download2494928863637822717bin
Found locally available resource with matching checksum: [https://dl.google.com/dl/android/maven2/com/android/tools/build/builder-model/9.1.1/builder-model-9.1.1.jar, /opt/gradle/.gradle/caches/modules-2/files-2.1/com.android.tools.build/builder-model/9.1.1/ed6b387bb957316ca678ad6886107ad38ba048d3/builder-model-9.1.1.jar]
Found locally available resource with matching checksum: [https://dl.google.com/dl/android/maven2/com/android/tools/lint/lint-model/32.1.1/lint-model-32.1.1.jar, /opt/gradle/.gradle/caches/modules-2/files-2.1/com.android.tools.lint/lint-model/32.1.1/462841df127ea45c4937e2defaa099a792aeef98/lint-model-32.1.1.jar]
Found locally available resource with matching checksum: [https://dl.google.com/dl/android/maven2/com/android/tools/build/builder/9.1.1/builder-9.1.1.jar, /opt/gradle/.gradle/caches/modules-2/files-2.1/com.android.tools.build/builder/9.1.1/57e67b61f4a5ff7b095ccb06cfb0a9c859789b37/builder-9.1.1.jar]
Found locally available resource with matching checksum: [https://dl.google.com/dl/android/maven2/com/google/gms/google-services/4.5.0/google-services-4.5.0.jar, /opt/gradle/.gradle/caches/modules-2/files-2.1/com.google.gms/google-services/4.5.0/ff0b3b2cd677a6d87db9552bc48d058e32538ae7/google-services-4.5.0.jar]
Found locally available resource with matching checksum: [https://dl.google.com/dl/android/maven2/com/android/tools/build/manifest-merger/32.1.1/manifest-merger-32.1.1.jar, /opt/gradle/.gradle/caches/modules-2/files-2.1/com.android.tools.build/manifest-merger/32.1.1/2ecea8b229b3051f74a6e63b59a23c7520bfc51a/manifest-merger-32.1.1.jar]
Found locally available resource with matching checksum: [https://dl.google.com/dl/android/maven2/com/google/android/libraries/mapsplatform/secrets-gradle-plugin/secrets-gradle-plugin/2.0.1/secrets-gradle-plugin-2.0.1.jar, /opt/gradle/.gradle/caches/modules-2/files-2.1/com.google.android.libraries.mapsplatform.secrets-gradle-plugin/secrets-gradle-plugin/2.0.1/5cce19cffff3bcc4f5941f76b0593e763f525ba3/secrets-gradle-plugin-2.0.1.jar]
Found locally available resource with matching checksum: [https://dl.google.com/dl/android/maven2/com/android/tools/sdk-common/32.1.1/sdk-common-32.1.1.jar, /opt/gradle/.gradle/caches/modules-2/files-2.1/com.android.tools/sdk-common/32.1.1/9017aafcc7e479a405874b2ded53965c59bfdade/sdk-common-32.1.1.jar]
Found locally available resource with matching checksum: [https://dl.google.com/dl/android/maven2/com/android/tools/sdklib/32.1.1/sdklib-32.1.1.jar, /opt/gradle/.gradle/caches/modules-2/files-2.1/com.android.tools/sdklib/32.1.1/42db9712f281ea425f7f1354573a124a14673a6c/sdklib-32.1.1.jar]
Found locally available resource with matching checksum: [https://dl.google.com/dl/android/maven2/com/android/tools/repository/32.1.1/repository-32.1.1.jar, /opt/gradle/.gradle/caches/modules-2/files-2.1/com.android.tools/repository/32.1.1/1946b4ae4216110bd048b1b299dd5f6c107f3669/repository-32.1.1.jar]
Found locally available resource with matching checksum: [https://dl.google.com/dl/android/maven2/com/android/tools/analytics-library/tracker/32.1.1/tracker-32.1.1.jar, /opt/gradle/.gradle/caches/modules-2/files-2.1/com.android.tools.analytics-library/tracker/32.1.1/53704dd455c94f83ffc107620af3cd9616d58eee/tracker-32.1.1.jar]
Found locally available resource with matching checksum: [https://dl.google.com/dl/android/maven2/com/android/tools/build/builder-test-api/9.1.1/builder-test-api-9.1.1.jar, /opt/gradle/.gradle/caches/modules-2/files-2.1/com.android.tools.build/builder-test-api/9.1.1/b03fcc8d7b76ffbbf3a39253ec65796620e83c3/builder-test-api-9.1.1.jar]
Found locally available resource with matching checksum: [https://dl.google.com/dl/android/maven2/com/android/tools/analytics-library/shared/32.1.1/shared-32.1.1.jar, /opt/gradle/.gradle/caches/modules-2/files-2.1/com.android.tools.analytics-library/shared/32.1.1/deb3250fed3b6371488062f10e0fe37596e53702/shared-32.1.1.jar]
Found locally available resource with matching checksum: [https://dl.google.com/dl/android/maven2/com/android/tools/layoutlib/layoutlib-api/32.1.1/layoutlib-api-32.1.1.jar, /opt/gradle/.gradle/caches/modules-2/files-2.1/com.android.tools.layoutlib/layoutlib-api/32.1.1/e7c5f003e971c745a123e85b5aeb4a2120f1bf10/layoutlib-api-32.1.1.jar]
Found locally available resource with matching checksum: [https://dl.google.com/dl/android/maven2/com/android/tools/ddms/ddmlib/32.1.1/ddmlib-32.1.1.jar, /opt/gradle/.gradle/caches/modules-2/files-2.1/com.android.tools.ddms/ddmlib/32.1.1/fe5e01368a40464ab41671e55fe6a5ca28251fc9/ddmlib-32.1.1.jar]
Found locally available resource with matching checksum: [https://dl.google.com/dl/android/maven2/com/google/android/gms/strict-version-matcher-plugin/1.2.4/strict-version-matcher-plugin-1.2.4.jar, /opt/gradle/.gradle/caches/modules-2/files-2.1/com.google.android.gms/strict-version-matcher-plugin/1.2.4/37f8b2ab56ecab699697602acdd598cb6d809b38/strict-version-matcher-plugin-1.2.4.jar]
Found locally available resource with matching checksum: [https://repo.maven.apache.org/maven2/org/jetbrains/kotlin/kotlin-stdlib-jdk8/2.2.10/kotlin-stdlib-jdk8-2.2.10.jar, /opt/gradle/.gradle/caches/modules-2/files-2.1/org.jetbrains.kotlin/kotlin-stdlib-jdk8/2.2.10/80cc9a776a058eeda7053731350bc41af8858a5a/kotlin-stdlib-jdk8-2.2.10.jar]
Downloading https://repo.maven.apache.org/maven2/org/jetbrains/kotlin/kotlin-reflect/1.9.22/kotlin-reflect-1.9.22.jar to /opt/gradle/.gradle/.tmp/gradle_download5039587601202491659bin
Found locally available resource with matching checksum: [https://repo.maven.apache.org/maven2/io/github/takahirom/roborazzi/roborazzi-core-jvm/1.59.0/roborazzi-core-jvm-1.59.0.jar, /opt/gradle/.gradle/caches/modules-2/files-2.1/io.github.takahirom.roborazzi/roborazzi-core-jvm/1.59.0/cdbf78f802ad521a5e36fb0932f1a6ffa942edaf/roborazzi-core-jvm.jar]
Found locally available resource with matching checksum: [https://dl.google.com/dl/android/maven2/com/android/tools/dvlib/32.1.1/dvlib-32.1.1.jar, /opt/gradle/.gradle/caches/modules-2/files-2.1/com.android.tools/dvlib/32.1.1/cea1f0aae3cf00529cb43b337c09f541eef2f0f8/dvlib-32.1.1.jar]
Found locally available resource with matching checksum: [https://repo.maven.apache.org/maven2/org/jetbrains/kotlinx/kotlinx-serialization-core-jvm/1.6.3/kotlinx-serialization-core-jvm-1.6.3.jar, /opt/gradle/.gradle/caches/modules-2/files-2.1/org.jetbrains.kotlinx/kotlinx-serialization-core-jvm/1.6.3/6b6c17d0312ba7192893adea9d52959941d0119b/kotlinx-serialization-core-jvm-1.6.3.jar]
Found locally available resource with matching checksum: [https://dl.google.com/dl/android/maven2/com/android/tools/common/32.1.1/common-32.1.1.jar, /opt/gradle/.gradle/caches/modules-2/files-2.1/com.android.tools/common/32.1.1/72b9c53485916fdae12db9ee3c3f91ad685753e3/common-32.1.1.jar]
Found locally available resource with matching checksum: [https://repo.maven.apache.org/maven2/org/jetbrains/kotlinx/kotlinx-serialization-json-jvm/1.6.3/kotlinx-serialization-json-jvm-1.6.3.jar, /opt/gradle/.gradle/caches/modules-2/files-2.1/org.jetbrains.kotlinx/kotlinx-serialization-json-jvm/1.6.3/2241746853abf04073e3ab0dcd9e6729d363b313/kotlinx-serialization-json-jvm-1.6.3.jar]
Found locally available resource with matching checksum: [https://repo.maven.apache.org/maven2/org/jetbrains/kotlin/kotlin-gradle-plugin-model/2.2.10/kotlin-gradle-plugin-model-2.2.10.jar, /opt/gradle/.gradle/caches/modules-2/files-2.1/org.jetbrains.kotlin/kotlin-gradle-plugin-model/2.2.10/530a4cac0ce3ac72ad548f9128cbae8b5bb22d3e/kotlin-gradle-plugin-model-2.2.10.jar]
Downloading https://repo.maven.apache.org/maven2/org/jetbrains/kotlin/kotlin-serialization/2.2.10/kotlin-serialization-2.2.10-gradle86.jar to /opt/gradle/.gradle/.tmp/gradle_download12164222213639013077bin
Downloading https://repo.maven.apache.org/maven2/org/jetbrains/kotlin/fus-statistics-gradle-plugin/2.2.10/fus-statistics-gradle-plugin-2.2.10-gradle86.jar to /opt/gradle/.gradle/.tmp/gradle_download1638599315249419229bin
Found locally available resource with matching checksum: [https://repo.maven.apache.org/maven2/org/jetbrains/kotlin/kotlin-gradle-plugin-api/2.2.10/kotlin-gradle-plugin-api-2.2.10.jar, /opt/gradle/.gradle/caches/modules-2/files-2.1/org.jetbrains.kotlin/kotlin-gradle-plugin-api/2.2.10/8b990c8b8a53b5179f6a7a43718079cabac9d4c9/kotlin-gradle-plugin-api-2.2.10.jar]
Downloading https://repo.maven.apache.org/maven2/org/jetbrains/kotlin/compose-compiler-gradle-plugin/2.2.10/compose-compiler-gradle-plugin-2.2.10-gradle86.jar to /opt/gradle/.gradle/.tmp/gradle_download16407871365293517206bin
Downloading https://repo.maven.apache.org/maven2/org/jetbrains/kotlin/kotlin-gradle-plugin-api/2.2.10/kotlin-gradle-plugin-api-2.2.10-gradle86.jar to /opt/gradle/.gradle/.tmp/gradle_download13353058937445846302bin
Downloading https://repo.maven.apache.org/maven2/org/jetbrains/kotlin/kotlin-gradle-plugin/2.2.10/kotlin-gradle-plugin-2.2.10-gradle86.jar to /opt/gradle/.gradle/.tmp/gradle_download3533035519852849370bin
Found locally available resource with matching checksum: [https://repo.maven.apache.org/maven2/org/jetbrains/kotlin/kotlin-compiler-runner/2.2.10/kotlin-compiler-runner-2.2.10.jar, /opt/gradle/.gradle/caches/modules-2/files-2.1/org.jetbrains.kotlin/kotlin-compiler-runner/2.2.10/aee5165d5829687acee89311747076622a05d664/kotlin-compiler-runner-2.2.10.jar]
Found locally available resource with matching checksum: [https://repo.maven.apache.org/maven2/org/jetbrains/kotlinx/kotlinx-coroutines-core-jvm/1.9.0/kotlinx-coroutines-core-jvm-1.9.0.jar, /opt/gradle/.gradle/caches/modules-2/files-2.1/org.jetbrains.kotlinx/kotlinx-coroutines-core-jvm/1.9.0/9beade4c1c1569e4f36cbd2c37e02e3e41502601/kotlinx-coroutines-core-jvm-1.9.0.jar]
Found locally available resource with matching checksum: [https://repo.maven.apache.org/maven2/com/dropbox/differ/differ-jvm/0.3.0/differ-jvm-0.3.0.jar, /opt/gradle/.gradle/caches/modules-2/files-2.1/com.dropbox.differ/differ-jvm/0.3.0/1fc0656a44bf48b466414a6167c675a1e84e4703/differ-jvm-0.3.0.jar]
Found locally available resource with matching checksum: [https://repo.maven.apache.org/maven2/org/jetbrains/kotlin/kotlin-stdlib-jdk7/2.2.10/kotlin-stdlib-jdk7-2.2.10.jar, /opt/gradle/.gradle/caches/modules-2/files-2.1/org.jetbrains.kotlin/kotlin-stdlib-jdk7/2.2.10/18cc96ae090a71726822631e1808c7d329faab5d/kotlin-stdlib-jdk7-2.2.10.jar]
Found locally available resource with matching checksum: [https://repo.maven.apache.org/maven2/org/jetbrains/kotlinx/kotlinx-io-core-jvm/0.3.3/kotlinx-io-core-jvm-0.3.3.jar, /opt/gradle/.gradle/caches/modules-2/files-2.1/org.jetbrains.kotlinx/kotlinx-io-core-jvm/0.3.3/66d09333cd60ba1c48c9b906b3a888112653d252/kotlinx-io-core-jvm-0.3.3.jar]
Downloading https://repo.maven.apache.org/maven2/org/jetbrains/kotlin/kotlin-stdlib/1.9.22/kotlin-stdlib-1.9.22.jar to /opt/gradle/.gradle/.tmp/gradle_download5925346697252139672bin
Found locally available resource with matching checksum: [https://repo.maven.apache.org/maven2/org/jetbrains/kotlinx/kotlinx-io-bytestring-jvm/0.3.3/kotlinx-io-bytestring-jvm-0.3.3.jar, /opt/gradle/.gradle/caches/modules-2/files-2.1/org.jetbrains.kotlinx/kotlinx-io-bytestring-jvm/0.3.3/aaa11306c241f7ab75346f03c3849cf5f5c308f5/kotlinx-io-bytestring-jvm-0.3.3.jar]
Found locally available resource with matching checksum: [https://repo.maven.apache.org/maven2/org/jetbrains/annotations/13.0/annotations-13.0.jar, /opt/gradle/.gradle/caches/modules-2/files-2.1/org.jetbrains/annotations/13.0/919f0dfe192fb4e063e7dacadee7f8bb9a2672a9/annotations-13.0.jar]
Found locally available resource with matching checksum: [https://dl.google.com/dl/android/maven2/com/android/tools/build/aapt2-proto/9.1.1-14792394/aapt2-proto-9.1.1-14792394.jar, /opt/gradle/.gradle/caches/modules-2/files-2.1/com.android.tools.build/aapt2-proto/9.1.1-14792394/acf00ea97102064130c6fce33ed18eef59bc692e/aapt2-proto-9.1.1-14792394.jar]
Found locally available resource with matching checksum: [https://dl.google.com/dl/android/maven2/com/android/tools/analytics-library/crash/32.1.1/crash-32.1.1.jar, /opt/gradle/.gradle/caches/modules-2/files-2.1/com.android.tools.analytics-library/crash/32.1.1/83657cd3f57e8aa956b8cd923f5d327e7343653c/crash-32.1.1.jar]
Found locally available resource with matching checksum: [https://dl.google.com/dl/android/maven2/com/android/tools/build/bundletool/1.18.3/bundletool-1.18.3.jar, /opt/gradle/.gradle/caches/modules-2/files-2.1/com.android.tools.build/bundletool/1.18.3/8d7bee8e57a4158a872ed99190a60a498c2adc8d/bundletool-1.18.3.jar]
Found locally available resource with matching checksum: [https://dl.google.com/dl/android/maven2/androidx/databinding/databinding-common/9.1.1/databinding-common-9.1.1.jar, /opt/gradle/.gradle/caches/modules-2/files-2.1/androidx.databinding/databinding-common/9.1.1/2be3530b78477835e69dce953b17adc1dbc5c6fa/databinding-common-9.1.1.jar]
Found locally available resource with matching checksum: [https://dl.google.com/dl/android/maven2/com/android/tools/lint/lint-typedef-remover/32.1.1/lint-typedef-remover-32.1.1.jar, /opt/gradle/.gradle/caches/modules-2/files-2.1/com.android.tools.lint/lint-typedef-remover/32.1.1/33f5d5dd14dd3c4525aa8dff70f7653f317136d1/lint-typedef-remover-32.1.1.jar]
Found locally available resource with matching checksum: [https://repo.maven.apache.org/maven2/org/apache/httpcomponents/httpmime/4.5.6/httpmime-4.5.6.jar, /opt/gradle/.gradle/caches/modules-2/files-2.1/org.apache.httpcomponents/httpmime/4.5.6/164343da11db817e81e24e0d9869527e069850c9/httpmime-4.5.6.jar]
Found locally available resource with matching checksum: [https://dl.google.com/dl/android/maven2/com/android/databinding/baseLibrary/9.1.1/baseLibrary-9.1.1.jar, /opt/gradle/.gradle/caches/modules-2/files-2.1/com.android.databinding/baseLibrary/9.1.1/7e7399239e52d4069896277615e005add7ae8e5a/baseLibrary-9.1.1.jar]
Found locally available resource with matching checksum: [https://repo.maven.apache.org/maven2/commons-io/commons-io/2.16.1/commons-io-2.16.1.jar, /opt/gradle/.gradle/caches/modules-2/files-2.1/commons-io/commons-io/2.16.1/377d592e740dc77124e0901291dbfaa6810a200e/commons-io-2.16.1.jar]
Found locally available resource with matching checksum: [https://repo.maven.apache.org/maven2/org/ow2/asm/asm-util/9.9/asm-util-9.9.jar, /opt/gradle/.gradle/caches/modules-2/files-2.1/org.ow2.asm/asm-util/9.9/42fdfc0508b43807c8078d6e82ecff2ce2112ae8/asm-util-9.9.jar]
Found locally available resource with matching checksum: [https://repo.maven.apache.org/maven2/org/apache/commons/commons-compress/1.27.1/commons-compress-1.27.1.jar, /opt/gradle/.gradle/caches/modules-2/files-2.1/org.apache.commons/commons-compress/1.27.1/a19151084758e2fbb6b41eddaa88e7b8ff4e6599/commons-compress-1.27.1.jar]
Found locally available resource with matching checksum: [https://repo.maven.apache.org/maven2/org/ow2/asm/asm-commons/9.9/asm-commons-9.9.jar, /opt/gradle/.gradle/caches/modules-2/files-2.1/org.ow2.asm/asm-commons/9.9/db9165a3bf908ded6b08612d583a15d1d0c7bda0/asm-commons-9.9.jar]
Found locally available resource with matching checksum: [https://repo.maven.apache.org/maven2/org/ow2/asm/asm-analysis/9.9/asm-analysis-9.9.jar, /opt/gradle/.gradle/caches/modules-2/files-2.1/org.ow2.asm/asm-analysis/9.9/bf4fa6e66638851c1cd22c2caea0c3ee5d5f437/asm-analysis-9.9.jar]
Found locally available resource with matching checksum: [https://repo.maven.apache.org/maven2/org/ow2/asm/asm-tree/9.9/asm-tree-9.9.jar, /opt/gradle/.gradle/caches/modules-2/files-2.1/org.ow2.asm/asm-tree/9.9/f8de6eead6d24dd0f45bd065bbe112b2cda6ea21/asm-tree-9.9.jar]
Found locally available resource with matching checksum: [https://repo.maven.apache.org/maven2/org/ow2/asm/asm/9.9/asm-9.9.jar, /opt/gradle/.gradle/caches/modules-2/files-2.1/org.ow2.asm/asm/9.9/c29635c8a7afa03d74b33c1884df8abb2b3f3dcc/asm-9.9.jar]
Found locally available resource with matching checksum: [https://repo.maven.apache.org/maven2/org/glassfish/jaxb/jaxb-runtime/2.3.2/jaxb-runtime-2.3.2.jar, /opt/gradle/.gradle/caches/modules-2/files-2.1/org.glassfish.jaxb/jaxb-runtime/2.3.2/5528bc882ea499a09d720b42af11785c4fc6be2a/jaxb-runtime-2.3.2.jar]
Found locally available resource with matching checksum: [https://repo.maven.apache.org/maven2/net/sf/jopt-simple/jopt-simple/4.9/jopt-simple-4.9.jar, /opt/gradle/.gradle/caches/modules-2/files-2.1/net.sf.jopt-simple/jopt-simple/4.9/ee9e9eaa0a35360dcfeac129ff4923215fd65904/jopt-simple-4.9.jar]
Found locally available resource with matching checksum: [https://repo.maven.apache.org/maven2/com/squareup/javapoet/1.13.0/javapoet-1.13.0.jar, /opt/gradle/.gradle/caches/modules-2/files-2.1/com.squareup/javapoet/1.13.0/d6562d385049f35eb50403fa86bb11cce76b866a/javapoet-1.13.0.jar]
Found locally available resource with matching checksum: [https://repo.maven.apache.org/maven2/com/google/protobuf/protobuf-java-util/3.25.5/protobuf-java-util-3.25.5.jar, /opt/gradle/.gradle/caches/modules-2/files-2.1/com.google.protobuf/protobuf-java-util/3.25.5/38cc5ce479603e36466feda2a9f1dfdb2210ef00/protobuf-java-util-3.25.5.jar]
Found locally available resource with matching checksum: [https://repo.maven.apache.org/maven2/org/jetbrains/kotlin/kotlin-build-statistics/2.2.10/kotlin-build-statistics-2.2.10.jar, /opt/gradle/.gradle/caches/modules-2/files-2.1/org.jetbrains.kotlin/kotlin-build-statistics/2.2.10/e826d07e18ad23dc3894d40113fd5e79a94f83b3/kotlin-build-statistics-2.2.10.jar]
Found locally available resource with matching checksum: [https://repo.maven.apache.org/maven2/com/google/protobuf/protobuf-java/3.25.5/protobuf-java-3.25.5.jar, /opt/gradle/.gradle/caches/modules-2/files-2.1/com.google.protobuf/protobuf-java/3.25.5/5ae5c9ec39930ae9b5a61b32b93288818ec05ec1/protobuf-java-3.25.5.jar]
Found locally available resource with matching checksum: [https://repo.maven.apache.org/maven2/com/google/crypto/tink/tink/1.7.0/tink-1.7.0.jar, /opt/gradle/.gradle/caches/modules-2/files-2.1/com.google.crypto.tink/tink/1.7.0/668b57f109d32349b2870448f06ae6f202713edc/tink-1.7.0.jar]
Found locally available resource with matching checksum: [https://repo.maven.apache.org/maven2/com/google/code/gson/gson/2.11.0/gson-2.11.0.jar, /opt/gradle/.gradle/caches/modules-2/files-2.1/com.google.code.gson/gson/2.11.0/527175ca6d81050b53bdd4c457a6d6e017626b0e/gson-2.11.0.jar]
Found locally available resource with matching checksum: [https://repo.maven.apache.org/maven2/org/webjars/webjars-locator-lite/0.0.6/webjars-locator-lite-0.0.6.jar, /opt/gradle/.gradle/caches/modules-2/files-2.1/org.webjars/webjars-locator-lite/0.0.6/8fd959b9c304b25b4cec00db7275ca877a5da9e8/webjars-locator-lite-0.0.6.jar]
Found locally available resource with matching checksum: [https://repo.maven.apache.org/maven2/org/tensorflow/tensorflow-lite-metadata/0.2.0/tensorflow-lite-metadata-0.2.0.jar, /opt/gradle/.gradle/caches/modules-2/files-2.1/org.tensorflow/tensorflow-lite-metadata/0.2.0/7dbe8f75ae5c0ef7093c43c3ac8b560bbc7ea4b6/tensorflow-lite-metadata-0.2.0.jar]
Found locally available resource with matching checksum: [https://repo.maven.apache.org/maven2/org/webjars/materializecss/1.0.0/materializecss-1.0.0.jar, /opt/gradle/.gradle/caches/modules-2/files-2.1/org.webjars/materializecss/1.0.0/ae2fc8470a005602d5c3fff890a02eeb06b769b1/materializecss-1.0.0.jar]
Found locally available resource with matching checksum: [https://repo.maven.apache.org/maven2/com/google/jimfs/jimfs/1.1/jimfs-1.1.jar, /opt/gradle/.gradle/caches/modules-2/files-2.1/com.google.jimfs/jimfs/1.1/8fbd0579dc68aba6186935cc1bee21d2f3e7ec1c/jimfs-1.1.jar]
Found locally available resource with matching checksum: [https://repo.maven.apache.org/maven2/org/webjars/material-design-icons/4.0.0/material-design-icons-4.0.0.jar, /opt/gradle/.gradle/caches/modules-2/files-2.1/org.webjars/material-design-icons/4.0.0/720b847d38f4d30088195da994656ba879a58fe5/material-design-icons-4.0.0.jar]
Found locally available resource with matching checksum: [https://repo.maven.apache.org/maven2/com/google/dagger/dagger/2.28.3/dagger-2.28.3.jar, /opt/gradle/.gradle/caches/modules-2/files-2.1/com.google.dagger/dagger/2.28.3/10d83810ef9e19714116ed518896c90c6606d633/dagger-2.28.3.jar]
Found locally available resource with matching checksum: [https://repo.maven.apache.org/maven2/com/google/guava/guava/33.3.1-jre/guava-33.3.1-jre.jar, /opt/gradle/.gradle/caches/modules-2/files-2.1/com.google.guava/guava/33.3.1-jre/852f8b363da0111e819460021ca693cacca3e8db/guava-33.3.1-jre.jar]
Found locally available resource with matching checksum: [https://repo.maven.apache.org/maven2/javax/inject/javax.inject/1/javax.inject-1.jar, /opt/gradle/.gradle/caches/modules-2/files-2.1/javax.inject/javax.inject/1/6975da39a7040257bd51d21a231b76c915872d38/javax.inject-1.jar]
Found locally available resource with matching checksum: [https://dl.google.com/dl/android/maven2/com/android/tools/build/apkzlib/9.1.1/apkzlib-9.1.1.jar, /opt/gradle/.gradle/caches/modules-2/files-2.1/com.android.tools.build/apkzlib/9.1.1/797a964d8f011d631816a3b7dbc92e58c3f76936/apkzlib-9.1.1.jar]
Found locally available resource with matching checksum: [https://repo.maven.apache.org/maven2/net/sf/kxml/kxml2/2.3.0/kxml2-2.3.0.jar, /opt/gradle/.gradle/caches/modules-2/files-2.1/net.sf.kxml/kxml2/2.3.0/ccbc77a5fd907ef863c29f3596c6f54ffa4e9442/kxml2-2.3.0.jar]
Found locally available resource with matching checksum: [https://repo.maven.apache.org/maven2/org/bouncycastle/bcpkix-jdk18on/1.79/bcpkix-jdk18on-1.79.jar, /opt/gradle/.gradle/caches/modules-2/files-2.1/org.bouncycastle/bcpkix-jdk18on/1.79/7693cec3b8779b74b35466dcaeeaac7409872954/bcpkix-jdk18on-1.79.jar]
Found locally available resource with matching checksum: [https://repo.maven.apache.org/maven2/org/bouncycastle/bcutil-jdk18on/1.79/bcutil-jdk18on-1.79.jar, /opt/gradle/.gradle/caches/modules-2/files-2.1/org.bouncycastle/bcutil-jdk18on/1.79/ecfc5aef97cc7676ea0de5c53c407b9f533f0ad5/bcutil-jdk18on-1.79.jar]
Found locally available resource with matching checksum: [https://repo.maven.apache.org/maven2/org/apache/httpcomponents/httpcore/4.4.16/httpcore-4.4.16.jar, /opt/gradle/.gradle/caches/modules-2/files-2.1/org.apache.httpcomponents/httpcore/4.4.16/51cf043c87253c9f58b539c9f7e44c8894223850/httpcore-4.4.16.jar]
Found locally available resource with matching checksum: [https://repo.maven.apache.org/maven2/org/apache/httpcomponents/httpclient/4.5.14/httpclient-4.5.14.jar, /opt/gradle/.gradle/caches/modules-2/files-2.1/org.apache.httpcomponents/httpclient/4.5.14/1194890e6f56ec29177673f2f12d0b8e627dec98/httpclient-4.5.14.jar]
Found locally available resource with matching checksum: [https://repo.maven.apache.org/maven2/org/bouncycastle/bcprov-jdk18on/1.79/bcprov-jdk18on-1.79.jar, /opt/gradle/.gradle/caches/modules-2/files-2.1/org.bouncycastle/bcprov-jdk18on/1.79/4d8e2732bcee15f1db93df266c3f5b70ce5cac21/bcprov-jdk18on-1.79.jar]
Found locally available resource with matching checksum: [https://dl.google.com/dl/android/maven2/com/android/tools/analytics-library/protos/32.1.1/protos-32.1.1.jar, /opt/gradle/.gradle/caches/modules-2/files-2.1/com.android.tools.analytics-library/protos/32.1.1/2a30675b2f4f4a60f78ce88d8df3dc1badea4ee5/protos-32.1.1.jar]
Found locally available resource with matching checksum: [https://dl.google.com/dl/android/maven2/com/android/signflinger/9.1.1/signflinger-9.1.1.jar, /opt/gradle/.gradle/caches/modules-2/files-2.1/com.android/signflinger/9.1.1/7c41f72626807e344b3bd6ba06a75cd6c4c9d118/signflinger-9.1.1.jar]
Found locally available resource with matching checksum: [https://repo.maven.apache.org/maven2/com/googlecode/juniversalchardet/juniversalchardet/1.0.3/juniversalchardet-1.0.3.jar, /opt/gradle/.gradle/caches/modules-2/files-2.1/com.googlecode.juniversalchardet/juniversalchardet/1.0.3/cd49678784c46aa8789c060538e0154013bb421b/juniversalchardet-1.0.3.jar]
Found locally available resource with matching checksum: [https://dl.google.com/dl/android/maven2/com/android/zipflinger/9.1.1/zipflinger-9.1.1.jar, /opt/gradle/.gradle/caches/modules-2/files-2.1/com.android/zipflinger/9.1.1/8f244c1f655b3d3bdfce9da3ba0da33774e474b3/zipflinger-9.1.1.jar]
Found locally available resource with matching checksum: [https://repo.maven.apache.org/maven2/net/java/dev/jna/jna-platform/5.6.0/jna-platform-5.6.0.jar, /opt/gradle/.gradle/caches/modules-2/files-2.1/net.java.dev.jna/jna-platform/5.6.0/d18424ffb8bbfd036d71bcaab9b546858f2ef986/jna-platform-5.6.0.jar]
Found locally available resource with matching checksum: [https://repo.maven.apache.org/maven2/org/jvnet/staxex/stax-ex/1.8.1/stax-ex-1.8.1.jar, /opt/gradle/.gradle/caches/modules-2/files-2.1/org.jvnet.staxex/stax-ex/1.8.1/78011e483a21102fb4858f3e8f269a677e50aa23/stax-ex-1.8.1.jar]
Found locally available resource with matching checksum: [https://repo.maven.apache.org/maven2/jakarta/xml/bind/jakarta.xml.bind-api/2.3.2/jakarta.xml.bind-api-2.3.2.jar, /opt/gradle/.gradle/caches/modules-2/files-2.1/jakarta.xml.bind/jakarta.xml.bind-api/2.3.2/8d49996a4338670764d7ca4b85a1c4ccf7fe665d/jakarta.xml.bind-api-2.3.2.jar]
Found locally available resource with matching checksum: [https://dl.google.com/dl/android/maven2/com/android/tools/annotations/32.1.1/annotations-32.1.1.jar, /opt/gradle/.gradle/caches/modules-2/files-2.1/com.android.tools/annotations/32.1.1/a9a04a78f42fdb0276a0fc7fd538890f856a9753/annotations-32.1.1.jar]
Found locally available resource with matching checksum: [https://repo.maven.apache.org/maven2/org/glassfish/jaxb/txw2/2.3.2/txw2-2.3.2.jar, /opt/gradle/.gradle/caches/modules-2/files-2.1/org.glassfish.jaxb/txw2/2.3.2/ce5be7da2e442c25ec14c766cb60cb802741727b/txw2-2.3.2.jar]
Found locally available resource with matching checksum: [https://repo.maven.apache.org/maven2/com/sun/istack/istack-commons-runtime/3.0.8/istack-commons-runtime-3.0.8.jar, /opt/gradle/.gradle/caches/modules-2/files-2.1/com.sun.istack/istack-commons-runtime/3.0.8/d6a97364045aa6b99bf2d3c566a3f98599c2d296/istack-commons-runtime-3.0.8.jar]
Found locally available resource with matching checksum: [https://repo.maven.apache.org/maven2/com/sun/xml/fastinfoset/FastInfoset/1.2.16/FastInfoset-1.2.16.jar, /opt/gradle/.gradle/caches/modules-2/files-2.1/com.sun.xml.fastinfoset/FastInfoset/1.2.16/4eb6a0adad553bf759ffe86927df6f3b848c8bea/FastInfoset-1.2.16.jar]
Found locally available resource with matching checksum: [https://repo.maven.apache.org/maven2/com/google/auto/value/auto-value-annotations/1.6.2/auto-value-annotations-1.6.2.jar, /opt/gradle/.gradle/caches/modules-2/files-2.1/com.google.auto.value/auto-value-annotations/1.6.2/ed193d86e0af90cc2342aedbe73c5d86b03fa09b/auto-value-annotations-1.6.2.jar]
Found locally available resource with matching checksum: [https://repo.maven.apache.org/maven2/jakarta/activation/jakarta.activation-api/1.2.1/jakarta.activation-api-1.2.1.jar, /opt/gradle/.gradle/caches/modules-2/files-2.1/jakarta.activation/jakarta.activation-api/1.2.1/562a587face36ec7eff2db7f2fc95425c6602bc1/jakarta.activation-api-1.2.1.jar]
Found locally available resource with matching checksum: [https://repo.maven.apache.org/maven2/com/google/errorprone/error_prone_annotations/2.28.0/error_prone_annotations-2.28.0.jar, /opt/gradle/.gradle/caches/modules-2/files-2.1/com.google.errorprone/error_prone_annotations/2.28.0/59fc00087ce372de42e394d2c789295dff2d19f0/error_prone_annotations-2.28.0.jar]
Found locally available resource with matching checksum: [https://repo.maven.apache.org/maven2/org/bitbucket/b_c/jose4j/0.9.5/jose4j-0.9.5.jar, /opt/gradle/.gradle/caches/modules-2/files-2.1/org.bitbucket.b_c/jose4j/0.9.5/e4ca26802488e6f16e24558d74ac8775a955fdd3/jose4j-0.9.5.jar]
Found locally available resource with matching checksum: [https://repo.maven.apache.org/maven2/org/slf4j/slf4j-api/1.7.30/slf4j-api-1.7.30.jar, /opt/gradle/.gradle/caches/modules-2/files-2.1/org.slf4j/slf4j-api/1.7.30/b5a4b6d16ab13e34a88fae84c35cd5d68cac922c/slf4j-api-1.7.30.jar]
Found locally available resource with matching checksum: [https://repo.maven.apache.org/maven2/org/jdom/jdom2/2.0.6/jdom2-2.0.6.jar, /opt/gradle/.gradle/caches/modules-2/files-2.1/org.jdom/jdom2/2.0.6/6f14738ec2e9dd0011e343717fa624a10f8aab64/jdom2-2.0.6.jar]
Found locally available resource with matching checksum: [https://repo.maven.apache.org/maven2/org/jetbrains/kotlin/kotlin-gradle-plugin-idea/2.2.10/kotlin-gradle-plugin-idea-2.2.10.jar, /opt/gradle/.gradle/caches/modules-2/files-2.1/org.jetbrains.kotlin/kotlin-gradle-plugin-idea/2.2.10/a07b350797aa4fe6d4bc6e1be2feecb638e94b13/kotlin-gradle-plugin-idea-2.2.10.jar]
Found locally available resource with matching checksum: [https://repo.maven.apache.org/maven2/org/jetbrains/kotlin/kotlin-klib-commonizer-api/2.2.10/kotlin-klib-commonizer-api-2.2.10.jar, /opt/gradle/.gradle/caches/modules-2/files-2.1/org.jetbrains.kotlin/kotlin-klib-commonizer-api/2.2.10/e7a9a8f5ca3d6027fb86f1df5bb2ce2812b1486a/kotlin-klib-commonizer-api-2.2.10.jar]
Found locally available resource with matching checksum: [https://repo.maven.apache.org/maven2/org/jetbrains/kotlin/kotlin-gradle-plugin-idea-proto/2.2.10/kotlin-gradle-plugin-idea-proto-2.2.10.jar, /opt/gradle/.gradle/caches/modules-2/files-2.1/org.jetbrains.kotlin/kotlin-gradle-plugin-idea-proto/2.2.10/2caef57b02e64afbcbb276e4f1edb5d9807d8fa4/kotlin-gradle-plugin-idea-proto-2.2.10.jar]
Found locally available resource with matching checksum: [https://repo.maven.apache.org/maven2/org/jetbrains/kotlin/kotlin-util-klib-metadata/2.2.10/kotlin-util-klib-metadata-2.2.10.jar, /opt/gradle/.gradle/caches/modules-2/files-2.1/org.jetbrains.kotlin/kotlin-util-klib-metadata/2.2.10/aae4449834d66cddf14f0fb5b8867eb422bb52f0/kotlin-util-klib-metadata-2.2.10.jar]
Found locally available resource with matching checksum: [https://repo.maven.apache.org/maven2/org/jetbrains/kotlin/abi-tools-api/2.2.10/abi-tools-api-2.2.10.jar, /opt/gradle/.gradle/caches/modules-2/files-2.1/org.jetbrains.kotlin/abi-tools-api/2.2.10/d3d684d1dfec17b0c9f0fda875da938d5f304328/abi-tools-api-2.2.10.jar]
Found locally available resource with matching checksum: [https://repo.maven.apache.org/maven2/com/google/code/findbugs/jsr305/3.0.2/jsr305-3.0.2.jar, /opt/gradle/.gradle/caches/modules-2/files-2.1/com.google.code.findbugs/jsr305/3.0.2/25ea2e8b0c338a877313bd4672d3fe056ea78f0d/jsr305-3.0.2.jar]
Found locally available resource with matching checksum: [https://repo.maven.apache.org/maven2/com/google/j2objc/j2objc-annotations/3.0.0/j2objc-annotations-3.0.0.jar, /opt/gradle/.gradle/caches/modules-2/files-2.1/com.google.j2objc/j2objc-annotations/3.0.0/7399e65dd7e9ff3404f4535b2f017093bdb134c7/j2objc-annotations-3.0.0.jar]
Found locally available resource with matching checksum: [https://repo.maven.apache.org/maven2/org/checkerframework/checker-qual/3.43.0/checker-qual-3.43.0.jar, /opt/gradle/.gradle/caches/modules-2/files-2.1/org.checkerframework/checker-qual/3.43.0/9425eee39e56b116d2b998b7c2cebcbd11a3c98b/checker-qual-3.43.0.jar]
Found locally available resource with matching checksum: [https://repo.maven.apache.org/maven2/com/google/flatbuffers/flatbuffers-java/1.12.0/flatbuffers-java-1.12.0.jar, /opt/gradle/.gradle/caches/modules-2/files-2.1/com.google.flatbuffers/flatbuffers-java/1.12.0/8201cc7b511177a37071249e891f2f2fea4b32e9/flatbuffers-java-1.12.0.jar]
Found locally available resource with matching checksum: [https://repo.maven.apache.org/maven2/com/squareup/javawriter/2.5.0/javawriter-2.5.0.jar, /opt/gradle/.gradle/caches/modules-2/files-2.1/com.squareup/javawriter/2.5.0/81241ff7078ef14f42ea2a8995fa09c096256e6b/javawriter-2.5.0.jar]
Found locally available resource with matching checksum: [https://repo.maven.apache.org/maven2/org/jspecify/jspecify/0.3.0/jspecify-0.3.0.jar, /opt/gradle/.gradle/caches/modules-2/files-2.1/org.jspecify/jspecify/0.3.0/fc1a0c38a07667f2dbbece32164dac2d0056d205/jspecify-0.3.0.jar]
Found locally available resource with matching checksum: [https://repo.maven.apache.org/maven2/com/google/guava/failureaccess/1.0.2/failureaccess-1.0.2.jar, /opt/gradle/.gradle/caches/modules-2/files-2.1/com.google.guava/failureaccess/1.0.2/c4a06a64e650562f30b7bf9aaec1bfed43aca12b/failureaccess-1.0.2.jar]
Found locally available resource with matching checksum: [https://repo.maven.apache.org/maven2/com/google/guava/listenablefuture/9999.0-empty-to-avoid-conflict-with-guava/listenablefuture-9999.0-empty-to-avoid-conflict-with-guava.jar, /opt/gradle/.gradle/caches/modules-2/files-2.1/com.google.guava/listenablefuture/9999.0-empty-to-avoid-conflict-with-guava/b421526c5f297295adef1c886e5246c39d4ac629/listenablefuture-9999.0-empty-to-avoid-conflict-with-guava.jar]
Found locally available resource with matching checksum: [https://repo.maven.apache.org/maven2/commons-codec/commons-codec/1.17.1/commons-codec-1.17.1.jar, /opt/gradle/.gradle/caches/modules-2/files-2.1/commons-codec/commons-codec/1.17.1/973638b7149d333563584137ebf13a691bb60579/commons-codec-1.17.1.jar]
Found locally available resource with matching checksum: [https://repo.maven.apache.org/maven2/commons-logging/commons-logging/1.2/commons-logging-1.2.jar, /opt/gradle/.gradle/caches/modules-2/files-2.1/commons-logging/commons-logging/1.2/4bfc12adfe4842bf07b657f0369c4cb522955686/commons-logging-1.2.jar]
Found locally available resource with matching checksum: [https://repo.maven.apache.org/maven2/org/apache/commons/commons-lang3/3.16.0/commons-lang3-3.16.0.jar, /opt/gradle/.gradle/caches/modules-2/files-2.1/org.apache.commons/commons-lang3/3.16.0/3eb54effe40946dfb06dc5cd6c7ce4116cd51ea4/commons-lang3-3.16.0.jar]
Found locally available resource with matching checksum: [https://repo.maven.apache.org/maven2/org/jetbrains/kotlin/kotlin-gradle-plugin-annotations/2.2.10/kotlin-gradle-plugin-annotations-2.2.10.jar, /opt/gradle/.gradle/caches/modules-2/files-2.1/org.jetbrains.kotlin/kotlin-gradle-plugin-annotations/2.2.10/45152dbad91398d945afff472498c8610cef5ae5/kotlin-gradle-plugin-annotations-2.2.10.jar]
Found locally available resource with matching checksum: [https://repo.maven.apache.org/maven2/org/jetbrains/kotlin/kotlin-native-utils/2.2.10/kotlin-native-utils-2.2.10.jar, /opt/gradle/.gradle/caches/modules-2/files-2.1/org.jetbrains.kotlin/kotlin-native-utils/2.2.10/6c6650142c8ddaf921ffc46f9757b39681c0c02e/kotlin-native-utils-2.2.10.jar]
Found locally available resource with matching checksum: [https://repo.maven.apache.org/maven2/org/jetbrains/kotlin/kotlin-tooling-core/2.2.10/kotlin-tooling-core-2.2.10.jar, /opt/gradle/.gradle/caches/modules-2/files-2.1/org.jetbrains.kotlin/kotlin-tooling-core/2.2.10/685151c03e638207a3b5045002411fbef78fdeb/kotlin-tooling-core-2.2.10.jar]
Found locally available resource with matching checksum: [https://repo.maven.apache.org/maven2/net/java/dev/jna/jna/5.6.0/jna-5.6.0.jar, /opt/gradle/.gradle/caches/modules-2/files-2.1/net.java.dev.jna/jna/5.6.0/330f2244e9030119ab3030fc3fededc86713d9cc/jna-5.6.0.jar]
Found locally available resource with matching checksum: [https://dl.google.com/dl/android/maven2/com/android/tools/build/apksig/9.1.1/apksig-9.1.1.jar, /opt/gradle/.gradle/caches/modules-2/files-2.1/com.android.tools.build/apksig/9.1.1/2881101f6a9d0baf6a341926ef0ff08c98a5d13b/apksig-9.1.1.jar]
Found locally available resource with matching checksum: [https://repo.maven.apache.org/maven2/org/jetbrains/kotlin/kotlin-build-tools-api/2.2.10/kotlin-build-tools-api-2.2.10.jar, /opt/gradle/.gradle/caches/modules-2/files-2.1/org.jetbrains.kotlin/kotlin-build-tools-api/2.2.10/eac607420801deb9abcf71e250ab1ea11b049c06/kotlin-build-tools-api-2.2.10.jar]
Found locally available resource with matching checksum: [https://repo.maven.apache.org/maven2/org/jetbrains/kotlin/kotlin-util-klib/2.2.10/kotlin-util-klib-2.2.10.jar, /opt/gradle/.gradle/caches/modules-2/files-2.1/org.jetbrains.kotlin/kotlin-util-klib/2.2.10/82e5679f8609ebd439f96fd708cc8644b5f06f0/kotlin-util-klib-2.2.10.jar]
Found locally available resource with matching checksum: [https://repo.maven.apache.org/maven2/org/jetbrains/kotlin/kotlin-util-io/2.2.10/kotlin-util-io-2.2.10.jar, /opt/gradle/.gradle/caches/modules-2/files-2.1/org.jetbrains.kotlin/kotlin-util-io/2.2.10/aa4dc86feb1b0d99f14f0510892ddecf6f6139fd/kotlin-util-io-2.2.10.jar]
Found locally available resource with matching checksum: [https://repo.maven.apache.org/maven2/org/jetbrains/kotlin/kotlin-daemon-client/2.2.10/kotlin-daemon-client-2.2.10.jar, /opt/gradle/.gradle/caches/modules-2/files-2.1/org.jetbrains.kotlin/kotlin-daemon-client/2.2.10/9de9722b2ab63b00fed168c924c41ea3b2f7d9c5/kotlin-daemon-client-2.2.10.jar]
Transforming gradle-settings-api-9.1.1.jar (com.android.tools.build:gradle-settings-api:9.1.1) with ExternalDependencyInstrumentingArtifactTransform
Invalidating in-memory cache of /opt/gradle/.gradle/caches/8.7/fileHashes/fileHashes.bin
Invalidating in-memory cache of /opt/gradle/.gradle/caches/8.7/fileHashes/resourceHashesCache.bin
Transforming gradle-common-api-9.1.1.jar (com.android.tools.build:gradle-common-api:9.1.1) with ExternalDependencyInstrumentingArtifactTransform
Transforming gradle-api-9.1.1.jar (com.android.tools.build:gradle-api:9.1.1) with ExternalDependencyInstrumentingArtifactTransform
Caching disabled for ExternalDependencyInstrumentingArtifactTransform: /opt/gradle/.gradle/caches/modules-2/files-2.1/com.android.tools.build/gradle-settings-api/9.1.1/1ec7e89fab3ddac711beac393327717d866bd838/gradle-settings-api-9.1.1.jar because:
  Build cache is disabled
  Caching not enabled.
Caching disabled for ExternalDependencyInstrumentingArtifactTransform: /opt/gradle/.gradle/caches/modules-2/files-2.1/com.android.tools.build/gradle-common-api/9.1.1/d6ec5d6f63bba959468581ca1b0eacb8f7b2054f/gradle-common-api-9.1.1.jar because:
  Build cache is disabled
  Caching not enabled.
Transforming gradle-9.1.1.jar (com.android.tools.build:gradle:9.1.1) with ExternalDependencyInstrumentingArtifactTransform
Caching disabled for ExternalDependencyInstrumentingArtifactTransform: /opt/gradle/.gradle/caches/modules-2/files-2.1/com.android.tools.build/gradle-api/9.1.1/f8498feda114ca0f77d8cab04d2004d2d5d0f1f3/gradle-api-9.1.1.jar because:
  Build cache is disabled
  Caching not enabled.
Transforming roborazzi-gradle-plugin-1.59.0.jar (io.github.takahirom.roborazzi:roborazzi-gradle-plugin:1.59.0) with ExternalDependencyInstrumentingArtifactTransform
Transforming hilt-android-gradle-plugin-2.60.1.jar (com.google.dagger:hilt-android-gradle-plugin:2.60.1) with ExternalDependencyInstrumentingArtifactTransform
Caching disabled for ExternalDependencyInstrumentingArtifactTransform: /opt/gradle/.gradle/caches/modules-2/files-2.1/com.android.tools.build/gradle/9.1.1/62a383bdbf49b6fb5d4c63b0b2caf8798fd74328/gradle-9.1.1.jar because:
  Build cache is disabled
  Caching not enabled.
Caching disabled for ExternalDependencyInstrumentingArtifactTransform: /opt/gradle/.gradle/caches/modules-2/files-2.1/io.github.takahirom.roborazzi/roborazzi-gradle-plugin/1.59.0/b2b5c921e92f7ce40660e0e5cfad74dbad75aa5f/roborazzi-gradle-plugin-1.59.0.jar because:
  Build cache is disabled
  Caching not enabled.
Transforming aaptcompiler-9.1.1.jar (com.android.tools.build:aaptcompiler:9.1.1) with ExternalDependencyInstrumentingArtifactTransform
Transforming gradle-work-action-api-32.1.1.jar (com.android.tools.utp:gradle-work-action-api:32.1.1) with ExternalDependencyInstrumentingArtifactTransform
Transforming databinding-compiler-common-9.1.1.jar (androidx.databinding:databinding-compiler-common:9.1.1) with ExternalDependencyInstrumentingArtifactTransform
Transforming jetifier-processor-1.0.0-beta10.jar (com.android.tools.build.jetifier:jetifier-processor:1.0.0-beta10) with ExternalDependencyInstrumentingArtifactTransform
Transforming jetifier-core-1.0.0-beta10.jar (com.android.tools.build.jetifier:jetifier-core:1.0.0-beta10) with ExternalDependencyInstrumentingArtifactTransform
Transforming builder-9.1.1.jar (com.android.tools.build:builder:9.1.1) with ExternalDependencyInstrumentingArtifactTransform
Transforming lint-model-32.1.1.jar (com.android.tools.lint:lint-model:32.1.1) with ExternalDependencyInstrumentingArtifactTransform
Transforming builder-model-9.1.1.jar (com.android.tools.build:builder-model:9.1.1) with ExternalDependencyInstrumentingArtifactTransform
Caching disabled for ExternalDependencyInstrumentingArtifactTransform: /opt/gradle/.gradle/caches/modules-2/files-2.1/com.google.dagger/hilt-android-gradle-plugin/2.60.1/830b641efbd700a48de2c4cf3b8cbae37cc89491/hilt-android-gradle-plugin-2.60.1.jar because:
  Build cache is disabled
  Caching not enabled.
Transforming symbol-processing-gradle-plugin-2.2.10-2.0.2.jar (com.google.devtools.ksp:symbol-processing-gradle-plugin:2.2.10-2.0.2) with ExternalDependencyInstrumentingArtifactTransform
Caching disabled for ExternalDependencyInstrumentingArtifactTransform: /opt/gradle/.gradle/caches/modules-2/files-2.1/com.android.tools.build/aaptcompiler/9.1.1/20a60fe4ce3797ff197febf9c3aa2375ff8337d6/aaptcompiler-9.1.1.jar because:
  Build cache is disabled
  Caching not enabled.
Transforming symbol-processing-api-2.2.10-2.0.2.jar (com.google.devtools.ksp:symbol-processing-api:2.2.10-2.0.2) with ExternalDependencyInstrumentingArtifactTransform
Transforming symbol-processing-common-deps-2.2.10-2.0.2.jar (com.google.devtools.ksp:symbol-processing-common-deps:2.2.10-2.0.2) with ExternalDependencyInstrumentingArtifactTransform
Transforming secrets-gradle-plugin-2.0.1.jar (com.google.android.libraries.mapsplatform.secrets-gradle-plugin:secrets-gradle-plugin:2.0.1) with ExternalDependencyInstrumentingArtifactTransform
Transforming google-services-4.5.0.jar (com.google.gms:google-services:4.5.0) with ExternalDependencyInstrumentingArtifactTransform
Transforming manifest-merger-32.1.1.jar (com.android.tools.build:manifest-merger:32.1.1) with ExternalDependencyInstrumentingArtifactTransform
Transforming sdk-common-32.1.1.jar (com.android.tools:sdk-common:32.1.1) with ExternalDependencyInstrumentingArtifactTransform
Transforming sdklib-32.1.1.jar (com.android.tools:sdklib:32.1.1) with ExternalDependencyInstrumentingArtifactTransform
Transforming repository-32.1.1.jar (com.android.tools:repository:32.1.1) with ExternalDependencyInstrumentingArtifactTransform
Transforming tracker-32.1.1.jar (com.android.tools.analytics-library:tracker:32.1.1) with ExternalDependencyInstrumentingArtifactTransform
Transforming shared-32.1.1.jar (com.android.tools.analytics-library:shared:32.1.1) with ExternalDependencyInstrumentingArtifactTransform
Transforming strict-version-matcher-plugin-1.2.4.jar (com.google.android.gms:strict-version-matcher-plugin:1.2.4) with ExternalDependencyInstrumentingArtifactTransform
Transforming builder-test-api-9.1.1.jar (com.android.tools.build:builder-test-api:9.1.1) with ExternalDependencyInstrumentingArtifactTransform
Transforming ddmlib-32.1.1.jar (com.android.tools.ddms:ddmlib:32.1.1) with ExternalDependencyInstrumentingArtifactTransform
Transforming layoutlib-api-32.1.1.jar (com.android.tools.layoutlib:layoutlib-api:32.1.1) with ExternalDependencyInstrumentingArtifactTransform
Transforming dvlib-32.1.1.jar (com.android.tools:dvlib:32.1.1) with ExternalDependencyInstrumentingArtifactTransform
Transforming common-32.1.1.jar (com.android.tools:common:32.1.1) with ExternalDependencyInstrumentingArtifactTransform
Transforming kotlin-stdlib-jdk8-2.2.10.jar (org.jetbrains.kotlin:kotlin-stdlib-jdk8:2.2.10) with ExternalDependencyInstrumentingArtifactTransform
Transforming kotlin-reflect-1.9.22.jar (org.jetbrains.kotlin:kotlin-reflect:1.9.22) with ExternalDependencyInstrumentingArtifactTransform
Caching disabled for ExternalDependencyInstrumentingArtifactTransform: /opt/gradle/.gradle/caches/modules-2/files-2.1/com.android.tools.utp/gradle-work-action-api/32.1.1/b462ea25a15aa4d95b1f7f626e44e3e397942ab/gradle-work-action-api-32.1.1.jar because:
  Build cache is disabled
  Caching not enabled.
Transforming roborazzi-core-jvm.jar (io.github.takahirom.roborazzi:roborazzi-core-jvm:1.59.0) with ExternalDependencyInstrumentingArtifactTransform
Transforming kotlinx-serialization-core-jvm-1.6.3.jar (org.jetbrains.kotlinx:kotlinx-serialization-core-jvm:1.6.3) with ExternalDependencyInstrumentingArtifactTransform
Transforming kotlinx-serialization-json-jvm-1.6.3.jar (org.jetbrains.kotlinx:kotlinx-serialization-json-jvm:1.6.3) with ExternalDependencyInstrumentingArtifactTransform
Transforming compose-compiler-gradle-plugin-2.2.10-gradle86.jar (org.jetbrains.kotlin:compose-compiler-gradle-plugin:2.2.10) with ExternalDependencyInstrumentingArtifactTransform
Transforming kotlin-gradle-plugin-model-2.2.10.jar (org.jetbrains.kotlin:kotlin-gradle-plugin-model:2.2.10) with ExternalDependencyInstrumentingArtifactTransform
Transforming fus-statistics-gradle-plugin-2.2.10-gradle86.jar (org.jetbrains.kotlin:fus-statistics-gradle-plugin:2.2.10) with ExternalDependencyInstrumentingArtifactTransform
Transforming kotlin-serialization-2.2.10-gradle86.jar (org.jetbrains.kotlin:kotlin-serialization:2.2.10) with ExternalDependencyInstrumentingArtifactTransform
Transforming kotlin-gradle-plugin-api-2.2.10.jar (org.jetbrains.kotlin:kotlin-gradle-plugin-api:2.2.10) with ExternalDependencyInstrumentingArtifactTransform
Caching disabled for ExternalDependencyInstrumentingArtifactTransform: /opt/gradle/.gradle/caches/modules-2/files-2.1/androidx.databinding/databinding-compiler-common/9.1.1/80b8443b46aaf87d7f689f81de3b3dafcaf08eda/databinding-compiler-common-9.1.1.jar because:
  Build cache is disabled
  Caching not enabled.
Transforming kotlin-gradle-plugin-api-2.2.10-gradle86.jar (org.jetbrains.kotlin:kotlin-gradle-plugin-api:2.2.10) with ExternalDependencyInstrumentingArtifactTransform
Transforming kotlin-gradle-plugin-2.2.10-gradle86.jar (org.jetbrains.kotlin:kotlin-gradle-plugin:2.2.10) with ExternalDependencyInstrumentingArtifactTransform
Caching disabled for ExternalDependencyInstrumentingArtifactTransform: /opt/gradle/.gradle/caches/modules-2/files-2.1/com.android.tools.build.jetifier/jetifier-processor/1.0.0-beta10/946c39eb0c052ff4f60a8939648a8b99af20d604/jetifier-processor-1.0.0-beta10.jar because:
  Build cache is disabled
  Caching not enabled.
Transforming kotlin-compiler-runner-2.2.10.jar (org.jetbrains.kotlin:kotlin-compiler-runner:2.2.10) with ExternalDependencyInstrumentingArtifactTransform
Transforming kotlinx-coroutines-core-jvm-1.9.0.jar (org.jetbrains.kotlinx:kotlinx-coroutines-core-jvm:1.9.0) with ExternalDependencyInstrumentingArtifactTransform
Transforming kotlin-stdlib-jdk7-2.2.10.jar (org.jetbrains.kotlin:kotlin-stdlib-jdk7:2.2.10) with ExternalDependencyInstrumentingArtifactTransform
Transforming differ-jvm-0.3.0.jar (com.dropbox.differ:differ-jvm:0.3.0) with ExternalDependencyInstrumentingArtifactTransform
Transforming kotlinx-io-core-jvm-0.3.3.jar (org.jetbrains.kotlinx:kotlinx-io-core-jvm:0.3.3) with ExternalDependencyInstrumentingArtifactTransform
Transforming kotlinx-io-bytestring-jvm-0.3.3.jar (org.jetbrains.kotlinx:kotlinx-io-bytestring-jvm:0.3.3) with ExternalDependencyInstrumentingArtifactTransform
Transforming kotlin-stdlib-1.9.22.jar (org.jetbrains.kotlin:kotlin-stdlib:1.9.22) with ExternalDependencyInstrumentingArtifactTransform
Transforming annotations-13.0.jar (org.jetbrains:annotations:13.0) with ExternalDependencyInstrumentingArtifactTransform
Transforming bundletool-1.18.3.jar (com.android.tools.build:bundletool:1.18.3) with ExternalDependencyInstrumentingArtifactTransform
Caching disabled for ExternalDependencyInstrumentingArtifactTransform: /opt/gradle/.gradle/caches/modules-2/files-2.1/com.android.tools.build.jetifier/jetifier-core/1.0.0-beta10/6e621022a9c95af12a7004d6b55805bbd1126837/jetifier-core-1.0.0-beta10.jar because:
  Build cache is disabled
  Caching not enabled.
Transforming aapt2-proto-9.1.1-14792394.jar (com.android.tools.build:aapt2-proto:9.1.1-14792394) with ExternalDependencyInstrumentingArtifactTransform
Caching disabled for ExternalDependencyInstrumentingArtifactTransform: /opt/gradle/.gradle/caches/modules-2/files-2.1/com.android.tools.build/builder/9.1.1/57e67b61f4a5ff7b095ccb06cfb0a9c859789b37/builder-9.1.1.jar because:
  Build cache is disabled
  Caching not enabled.
Transforming crash-32.1.1.jar (com.android.tools.analytics-library:crash:32.1.1) with ExternalDependencyInstrumentingArtifactTransform
Transforming lint-typedef-remover-32.1.1.jar (com.android.tools.lint:lint-typedef-remover:32.1.1) with ExternalDependencyInstrumentingArtifactTransform
Transforming databinding-common-9.1.1.jar (androidx.databinding:databinding-common:9.1.1) with ExternalDependencyInstrumentingArtifactTransform
Transforming baseLibrary-9.1.1.jar (com.android.databinding:baseLibrary:9.1.1) with ExternalDependencyInstrumentingArtifactTransform
Transforming httpmime-4.5.6.jar (org.apache.httpcomponents:httpmime:4.5.6) with ExternalDependencyInstrumentingArtifactTransform
Transforming commons-compress-1.27.1.jar (org.apache.commons:commons-compress:1.27.1) with ExternalDependencyInstrumentingArtifactTransform
Transforming commons-io-2.16.1.jar (commons-io:commons-io:2.16.1) with ExternalDependencyInstrumentingArtifactTransform
Transforming asm-commons-9.9.jar (org.ow2.asm:asm-commons:9.9) with ExternalDependencyInstrumentingArtifactTransform
Transforming asm-util-9.9.jar (org.ow2.asm:asm-util:9.9) with ExternalDependencyInstrumentingArtifactTransform
Transforming asm-analysis-9.9.jar (org.ow2.asm:asm-analysis:9.9) with ExternalDependencyInstrumentingArtifactTransform
Transforming asm-tree-9.9.jar (org.ow2.asm:asm-tree:9.9) with ExternalDependencyInstrumentingArtifactTransform
Transforming asm-9.9.jar (org.ow2.asm:asm:9.9) with ExternalDependencyInstrumentingArtifactTransform
Transforming jaxb-runtime-2.3.2.jar (org.glassfish.jaxb:jaxb-runtime:2.3.2) with ExternalDependencyInstrumentingArtifactTransform
Transforming jopt-simple-4.9.jar (net.sf.jopt-simple:jopt-simple:4.9) with ExternalDependencyInstrumentingArtifactTransform
Transforming javapoet-1.13.0.jar (com.squareup:javapoet:1.13.0) with ExternalDependencyInstrumentingArtifactTransform
Transforming protobuf-java-util-3.25.5.jar (com.google.protobuf:protobuf-java-util:3.25.5) with ExternalDependencyInstrumentingArtifactTransform
Transforming tink-1.7.0.jar (com.google.crypto.tink:tink:1.7.0) with ExternalDependencyInstrumentingArtifactTransform
Transforming protos-32.1.1.jar (com.android.tools.analytics-library:protos:32.1.1) with ExternalDependencyInstrumentingArtifactTransform
Caching disabled for ExternalDependencyInstrumentingArtifactTransform: /opt/gradle/.gradle/caches/modules-2/files-2.1/com.android.tools.lint/lint-model/32.1.1/462841df127ea45c4937e2defaa099a792aeef98/lint-model-32.1.1.jar because:
  Build cache is disabled
  Caching not enabled.
Transforming protobuf-java-3.25.5.jar (com.google.protobuf:protobuf-java:3.25.5) with ExternalDependencyInstrumentingArtifactTransform
Transforming kotlin-build-statistics-2.2.10.jar (org.jetbrains.kotlin:kotlin-build-statistics:2.2.10) with ExternalDependencyInstrumentingArtifactTransform
Transforming gson-2.11.0.jar (com.google.code.gson:gson:2.11.0) with ExternalDependencyInstrumentingArtifactTransform
Transforming tensorflow-lite-metadata-0.2.0.jar (org.tensorflow:tensorflow-lite-metadata:0.2.0) with ExternalDependencyInstrumentingArtifactTransform
Transforming webjars-locator-lite-0.0.6.jar (org.webjars:webjars-locator-lite:0.0.6) with ExternalDependencyInstrumentingArtifactTransform
Transforming materializecss-1.0.0.jar (org.webjars:materializecss:1.0.0) with ExternalDependencyInstrumentingArtifactTransform
Transforming material-design-icons-4.0.0.jar (org.webjars:material-design-icons:4.0.0) with ExternalDependencyInstrumentingArtifactTransform
Caching disabled for ExternalDependencyInstrumentingArtifactTransform: /opt/gradle/.gradle/caches/modules-2/files-2.1/com.android.tools.build/builder-model/9.1.1/ed6b387bb957316ca678ad6886107ad38ba048d3/builder-model-9.1.1.jar because:
  Build cache is disabled
  Caching not enabled.
Transforming jimfs-1.1.jar (com.google.jimfs:jimfs:1.1) with ExternalDependencyInstrumentingArtifactTransform
Transforming apkzlib-9.1.1.jar (com.android.tools.build:apkzlib:9.1.1) with ExternalDependencyInstrumentingArtifactTransform
Transforming guava-33.3.1-jre.jar (com.google.guava:guava:33.3.1-jre) with ExternalDependencyInstrumentingArtifactTransform
Transforming dagger-2.28.3.jar (com.google.dagger:dagger:2.28.3) with ExternalDependencyInstrumentingArtifactTransform
Transforming javax.inject-1.jar (javax.inject:javax.inject:1) with ExternalDependencyInstrumentingArtifactTransform
Transforming kxml2-2.3.0.jar (net.sf.kxml:kxml2:2.3.0) with ExternalDependencyInstrumentingArtifactTransform
Transforming bcpkix-jdk18on-1.79.jar (org.bouncycastle:bcpkix-jdk18on:1.79) with ExternalDependencyInstrumentingArtifactTransform
Transforming bcutil-jdk18on-1.79.jar (org.bouncycastle:bcutil-jdk18on:1.79) with ExternalDependencyInstrumentingArtifactTransform
Transforming bcprov-jdk18on-1.79.jar (org.bouncycastle:bcprov-jdk18on:1.79) with ExternalDependencyInstrumentingArtifactTransform
Caching disabled for ExternalDependencyInstrumentingArtifactTransform: /opt/gradle/.gradle/caches/modules-2/files-2.1/com.google.devtools.ksp/symbol-processing-gradle-plugin/2.2.10-2.0.2/9de55a3e942bdcabcf2edbeb7ca71ef78944988c/symbol-processing-gradle-plugin-2.2.10-2.0.2.jar because:
  Build cache is disabled
  Caching not enabled.
Transforming httpclient-4.5.14.jar (org.apache.httpcomponents:httpclient:4.5.14) with ExternalDependencyInstrumentingArtifactTransform
Transforming httpcore-4.4.16.jar (org.apache.httpcomponents:httpcore:4.4.16) with ExternalDependencyInstrumentingArtifactTransform
Transforming signflinger-9.1.1.jar (com.android:signflinger:9.1.1) with ExternalDependencyInstrumentingArtifactTransform
Transforming zipflinger-9.1.1.jar (com.android:zipflinger:9.1.1) with ExternalDependencyInstrumentingArtifactTransform
Transforming annotations-32.1.1.jar (com.android.tools:annotations:32.1.1) with ExternalDependencyInstrumentingArtifactTransform
Transforming jna-platform-5.6.0.jar (net.java.dev.jna:jna-platform:5.6.0) with ExternalDependencyInstrumentingArtifactTransform
Transforming juniversalchardet-1.0.3.jar (com.googlecode.juniversalchardet:juniversalchardet:1.0.3) with ExternalDependencyInstrumentingArtifactTransform
Transforming stax-ex-1.8.1.jar (org.jvnet.staxex:stax-ex:1.8.1) with ExternalDependencyInstrumentingArtifactTransform
Transforming jakarta.xml.bind-api-2.3.2.jar (jakarta.xml.bind:jakarta.xml.bind-api:2.3.2) with ExternalDependencyInstrumentingArtifactTransform
Transforming txw2-2.3.2.jar (org.glassfish.jaxb:txw2:2.3.2) with ExternalDependencyInstrumentingArtifactTransform
Transforming istack-commons-runtime-3.0.8.jar (com.sun.istack:istack-commons-runtime:3.0.8) with ExternalDependencyInstrumentingArtifactTransform
Transforming FastInfoset-1.2.16.jar (com.sun.xml.fastinfoset:FastInfoset:1.2.16) with ExternalDependencyInstrumentingArtifactTransform
Transforming jakarta.activation-api-1.2.1.jar (jakarta.activation:jakarta.activation-api:1.2.1) with ExternalDependencyInstrumentingArtifactTransform
Caching disabled for ExternalDependencyInstrumentingArtifactTransform: /opt/gradle/.gradle/caches/modules-2/files-2.1/com.google.devtools.ksp/symbol-processing-api/2.2.10-2.0.2/6a7c41da95b72d99ee1277c80951a9160db1f1a5/symbol-processing-api-2.2.10-2.0.2.jar because:
  Build cache is disabled
  Caching not enabled.
Transforming auto-value-annotations-1.6.2.jar (com.google.auto.value:auto-value-annotations:1.6.2) with ExternalDependencyInstrumentingArtifactTransform
Transforming error_prone_annotations-2.28.0.jar (com.google.errorprone:error_prone_annotations:2.28.0) with ExternalDependencyInstrumentingArtifactTransform
Transforming jose4j-0.9.5.jar (org.bitbucket.b_c:jose4j:0.9.5) with ExternalDependencyInstrumentingArtifactTransform
Transforming slf4j-api-1.7.30.jar (org.slf4j:slf4j-api:1.7.30) with ExternalDependencyInstrumentingArtifactTransform
Transforming jdom2-2.0.6.jar (org.jdom:jdom2:2.0.6) with ExternalDependencyInstrumentingArtifactTransform
Transforming kotlin-gradle-plugin-idea-proto-2.2.10.jar (org.jetbrains.kotlin:kotlin-gradle-plugin-idea-proto:2.2.10) with ExternalDependencyInstrumentingArtifactTransform
Transforming kotlin-gradle-plugin-idea-2.2.10.jar (org.jetbrains.kotlin:kotlin-gradle-plugin-idea:2.2.10) with ExternalDependencyInstrumentingArtifactTransform
Transforming kotlin-klib-commonizer-api-2.2.10.jar (org.jetbrains.kotlin:kotlin-klib-commonizer-api:2.2.10) with ExternalDependencyInstrumentingArtifactTransform
Transforming kotlin-util-klib-metadata-2.2.10.jar (org.jetbrains.kotlin:kotlin-util-klib-metadata:2.2.10) with ExternalDependencyInstrumentingArtifactTransform
Transforming abi-tools-api-2.2.10.jar (org.jetbrains.kotlin:abi-tools-api:2.2.10) with ExternalDependencyInstrumentingArtifactTransform
Transforming jsr305-3.0.2.jar (com.google.code.findbugs:jsr305:3.0.2) with ExternalDependencyInstrumentingArtifactTransform
Transforming j2objc-annotations-3.0.0.jar (com.google.j2objc:j2objc-annotations:3.0.0) with ExternalDependencyInstrumentingArtifactTransform
Transforming checker-qual-3.43.0.jar (org.checkerframework:checker-qual:3.43.0) with ExternalDependencyInstrumentingArtifactTransform
Caching disabled for ExternalDependencyInstrumentingArtifactTransform: /opt/gradle/.gradle/caches/modules-2/files-2.1/com.google.devtools.ksp/symbol-processing-common-deps/2.2.10-2.0.2/c15826465823bce080cc1693daef699366be0951/symbol-processing-common-deps-2.2.10-2.0.2.jar because:
  Build cache is disabled
  Caching not enabled.
Transforming flatbuffers-java-1.12.0.jar (com.google.flatbuffers:flatbuffers-java:1.12.0) with ExternalDependencyInstrumentingArtifactTransform
Transforming apksig-9.1.1.jar (com.android.tools.build:apksig:9.1.1) with ExternalDependencyInstrumentingArtifactTransform
Transforming javawriter-2.5.0.jar (com.squareup:javawriter:2.5.0) with ExternalDependencyInstrumentingArtifactTransform
Transforming jspecify-0.3.0.jar (org.jspecify:jspecify:0.3.0) with ExternalDependencyInstrumentingArtifactTransform
Transforming failureaccess-1.0.2.jar (com.google.guava:failureaccess:1.0.2) with ExternalDependencyInstrumentingArtifactTransform
Transforming listenablefuture-9999.0-empty-to-avoid-conflict-with-guava.jar (com.google.guava:listenablefuture:9999.0-empty-to-avoid-conflict-with-guava) with ExternalDependencyInstrumentingArtifactTransform
Transforming commons-codec-1.17.1.jar (commons-codec:commons-codec:1.17.1) with ExternalDependencyInstrumentingArtifactTransform
Transforming commons-lang3-3.16.0.jar (org.apache.commons:commons-lang3:3.16.0) with ExternalDependencyInstrumentingArtifactTransform
Transforming commons-logging-1.2.jar (commons-logging:commons-logging:1.2) with ExternalDependencyInstrumentingArtifactTransform
Transforming jna-5.6.0.jar (net.java.dev.jna:jna:5.6.0) with ExternalDependencyInstrumentingArtifactTransform
Transforming kotlin-gradle-plugin-annotations-2.2.10.jar (org.jetbrains.kotlin:kotlin-gradle-plugin-annotations:2.2.10) with ExternalDependencyInstrumentingArtifactTransform
Transforming kotlin-native-utils-2.2.10.jar (org.jetbrains.kotlin:kotlin-native-utils:2.2.10) with ExternalDependencyInstrumentingArtifactTransform
Transforming kotlin-tooling-core-2.2.10.jar (org.jetbrains.kotlin:kotlin-tooling-core:2.2.10) with ExternalDependencyInstrumentingArtifactTransform
Transforming kotlin-build-tools-api-2.2.10.jar (org.jetbrains.kotlin:kotlin-build-tools-api:2.2.10) with ExternalDependencyInstrumentingArtifactTransform
Transforming kotlin-util-klib-2.2.10.jar (org.jetbrains.kotlin:kotlin-util-klib:2.2.10) with ExternalDependencyInstrumentingArtifactTransform
Transforming kotlin-util-io-2.2.10.jar (org.jetbrains.kotlin:kotlin-util-io:2.2.10) with ExternalDependencyInstrumentingArtifactTransform
Transforming kotlin-daemon-client-2.2.10.jar (org.jetbrains.kotlin:kotlin-daemon-client:2.2.10) with ExternalDependencyInstrumentingArtifactTransform
Caching disabled for ExternalDependencyInstrumentingArtifactTransform: /opt/gradle/.gradle/caches/modules-2/files-2.1/com.google.android.libraries.mapsplatform.secrets-gradle-plugin/secrets-gradle-plugin/2.0.1/5cce19cffff3bcc4f5941f76b0593e763f525ba3/secrets-gradle-plugin-2.0.1.jar because:
  Build cache is disabled
  Caching not enabled.
Caching disabled for ExternalDependencyInstrumentingArtifactTransform: /opt/gradle/.gradle/caches/modules-2/files-2.1/com.google.gms/google-services/4.5.0/ff0b3b2cd677a6d87db9552bc48d058e32538ae7/google-services-4.5.0.jar because:
  Build cache is disabled
  Caching not enabled.
Caching disabled for ExternalDependencyInstrumentingArtifactTransform: /opt/gradle/.gradle/caches/modules-2/files-2.1/com.android.tools.build/manifest-merger/32.1.1/2ecea8b229b3051f74a6e63b59a23c7520bfc51a/manifest-merger-32.1.1.jar because:
  Build cache is disabled
  Caching not enabled.
Caching disabled for ExternalDependencyInstrumentingArtifactTransform: /opt/gradle/.gradle/caches/modules-2/files-2.1/com.android.tools/sdk-common/32.1.1/9017aafcc7e479a405874b2ded53965c59bfdade/sdk-common-32.1.1.jar because:
  Build cache is disabled
  Caching not enabled.
Caching disabled for ExternalDependencyInstrumentingArtifactTransform: /opt/gradle/.gradle/caches/modules-2/files-2.1/com.android.tools/sdklib/32.1.1/42db9712f281ea425f7f1354573a124a14673a6c/sdklib-32.1.1.jar because:
  Build cache is disabled
  Caching not enabled.
Invalidating in-memory cache of /opt/gradle/.gradle/caches/journal-1/file-access.bin
Caching disabled for ExternalDependencyInstrumentingArtifactTransform: /opt/gradle/.gradle/caches/modules-2/files-2.1/com.android.tools.analytics-library/tracker/32.1.1/53704dd455c94f83ffc107620af3cd9616d58eee/tracker-32.1.1.jar because:
  Build cache is disabled
  Caching not enabled.
Caching disabled for ExternalDependencyInstrumentingArtifactTransform: /opt/gradle/.gradle/caches/modules-2/files-2.1/com.android.tools/repository/32.1.1/1946b4ae4216110bd048b1b299dd5f6c107f3669/repository-32.1.1.jar because:
  Build cache is disabled
  Caching not enabled.
Caching disabled for ExternalDependencyInstrumentingArtifactTransform: /opt/gradle/.gradle/caches/modules-2/files-2.1/com.android.tools.analytics-library/shared/32.1.1/deb3250fed3b6371488062f10e0fe37596e53702/shared-32.1.1.jar because:
  Build cache is disabled
  Caching not enabled.
Caching disabled for ExternalDependencyInstrumentingArtifactTransform: /opt/gradle/.gradle/caches/modules-2/files-2.1/com.google.android.gms/strict-version-matcher-plugin/1.2.4/37f8b2ab56ecab699697602acdd598cb6d809b38/strict-version-matcher-plugin-1.2.4.jar because:
  Build cache is disabled
  Caching not enabled.
Caching disabled for ExternalDependencyInstrumentingArtifactTransform: /opt/gradle/.gradle/caches/modules-2/files-2.1/com.android.tools.build/builder-test-api/9.1.1/b03fcc8d7b76ffbbf3a39253ec65796620e83c3/builder-test-api-9.1.1.jar because:
  Build cache is disabled
  Caching not enabled.
Caching disabled for ExternalDependencyInstrumentingArtifactTransform: /opt/gradle/.gradle/caches/modules-2/files-2.1/com.android.tools.ddms/ddmlib/32.1.1/fe5e01368a40464ab41671e55fe6a5ca28251fc9/ddmlib-32.1.1.jar because:
  Build cache is disabled
  Caching not enabled.
Caching disabled for ExternalDependencyInstrumentingArtifactTransform: /opt/gradle/.gradle/caches/modules-2/files-2.1/com.android.tools.layoutlib/layoutlib-api/32.1.1/e7c5f003e971c745a123e85b5aeb4a2120f1bf10/layoutlib-api-32.1.1.jar because:
  Build cache is disabled
  Caching not enabled.
Caching disabled for ExternalDependencyInstrumentingArtifactTransform: /opt/gradle/.gradle/caches/modules-2/files-2.1/com.android.tools/dvlib/32.1.1/cea1f0aae3cf00529cb43b337c09f541eef2f0f8/dvlib-32.1.1.jar because:
  Build cache is disabled
  Caching not enabled.
Caching disabled for ExternalDependencyInstrumentingArtifactTransform: /opt/gradle/.gradle/caches/modules-2/files-2.1/com.android.tools/common/32.1.1/72b9c53485916fdae12db9ee3c3f91ad685753e3/common-32.1.1.jar because:
  Build cache is disabled
  Caching not enabled.
Invalidating in-memory cache of /opt/gradle/.gradle/caches/journal-1/file-access.bin
Caching disabled for ExternalDependencyInstrumentingArtifactTransform: /opt/gradle/.gradle/caches/modules-2/files-2.1/org.jetbrains.kotlin/kotlin-stdlib-jdk8/2.2.10/80cc9a776a058eeda7053731350bc41af8858a5a/kotlin-stdlib-jdk8-2.2.10.jar because:
  Build cache is disabled
  Caching not enabled.
Caching disabled for ExternalDependencyInstrumentingArtifactTransform: /opt/gradle/.gradle/caches/modules-2/files-2.1/org.jetbrains.kotlin/kotlin-reflect/1.9.22/761ab33cf85f03a3a24595e1b92639d82e7a9564/kotlin-reflect-1.9.22.jar because:
  Build cache is disabled
  Caching not enabled.
Caching disabled for ExternalDependencyInstrumentingArtifactTransform: /opt/gradle/.gradle/caches/modules-2/files-2.1/io.github.takahirom.roborazzi/roborazzi-core-jvm/1.59.0/cdbf78f802ad521a5e36fb0932f1a6ffa942edaf/roborazzi-core-jvm.jar because:
  Build cache is disabled
  Caching not enabled.
Caching disabled for ExternalDependencyInstrumentingArtifactTransform: /opt/gradle/.gradle/caches/modules-2/files-2.1/org.jetbrains.kotlinx/kotlinx-serialization-core-jvm/1.6.3/6b6c17d0312ba7192893adea9d52959941d0119b/kotlinx-serialization-core-jvm-1.6.3.jar because:
  Build cache is disabled
  Caching not enabled.
Invalidating in-memory cache of /opt/gradle/.gradle/caches/journal-1/file-access.bin
Caching disabled for ExternalDependencyInstrumentingArtifactTransform: /opt/gradle/.gradle/caches/modules-2/files-2.1/org.jetbrains.kotlinx/kotlinx-serialization-json-jvm/1.6.3/2241746853abf04073e3ab0dcd9e6729d363b313/kotlinx-serialization-json-jvm-1.6.3.jar because:
  Build cache is disabled
  Caching not enabled.
Invalidating in-memory cache of /opt/gradle/.gradle/caches/journal-1/file-access.bin
Caching disabled for ExternalDependencyInstrumentingArtifactTransform: /opt/gradle/.gradle/caches/modules-2/files-2.1/org.jetbrains.kotlin/fus-statistics-gradle-plugin/2.2.10/78379fac273b2e95d1b2274ff784a7b6943fb8c9/fus-statistics-gradle-plugin-2.2.10-gradle86.jar because:
  Build cache is disabled
  Caching not enabled.
Caching disabled for ExternalDependencyInstrumentingArtifactTransform: /opt/gradle/.gradle/caches/modules-2/files-2.1/org.jetbrains.kotlin/compose-compiler-gradle-plugin/2.2.10/d0ae9e9b472d279559451d4ea4c97c0304e3c28a/compose-compiler-gradle-plugin-2.2.10-gradle86.jar because:
  Build cache is disabled
  Caching not enabled.
Caching disabled for ExternalDependencyInstrumentingArtifactTransform: /opt/gradle/.gradle/caches/modules-2/files-2.1/org.jetbrains.kotlin/kotlin-gradle-plugin-model/2.2.10/530a4cac0ce3ac72ad548f9128cbae8b5bb22d3e/kotlin-gradle-plugin-model-2.2.10.jar because:
  Build cache is disabled
  Caching not enabled.
Caching disabled for ExternalDependencyInstrumentingArtifactTransform: /opt/gradle/.gradle/caches/modules-2/files-2.1/org.jetbrains.kotlin/kotlin-serialization/2.2.10/299909f9f7a81a0d585eb55fdd760ad2ac12734c/kotlin-serialization-2.2.10-gradle86.jar because:
  Build cache is disabled
  Caching not enabled.
Caching disabled for ExternalDependencyInstrumentingArtifactTransform: /opt/gradle/.gradle/caches/modules-2/files-2.1/org.jetbrains.kotlin/kotlin-gradle-plugin-api/2.2.10/8b990c8b8a53b5179f6a7a43718079cabac9d4c9/kotlin-gradle-plugin-api-2.2.10.jar because:
  Build cache is disabled
  Caching not enabled.
Caching disabled for ExternalDependencyInstrumentingArtifactTransform: /opt/gradle/.gradle/caches/modules-2/files-2.1/org.jetbrains.kotlin/kotlin-gradle-plugin-api/2.2.10/8b990c8b8a53b5179f6a7a43718079cabac9d4c9/kotlin-gradle-plugin-api-2.2.10-gradle86.jar because:
  Build cache is disabled
  Caching not enabled.
Caching disabled for ExternalDependencyInstrumentingArtifactTransform: /opt/gradle/.gradle/caches/modules-2/files-2.1/org.jetbrains.kotlin/kotlin-gradle-plugin/2.2.10/3a12cc5e79e277b4f7851dfe4e628409b527bdd6/kotlin-gradle-plugin-2.2.10-gradle86.jar because:
  Build cache is disabled
  Caching not enabled.
Caching disabled for ExternalDependencyInstrumentingArtifactTransform: /opt/gradle/.gradle/caches/modules-2/files-2.1/org.jetbrains.kotlin/kotlin-compiler-runner/2.2.10/aee5165d5829687acee89311747076622a05d664/kotlin-compiler-runner-2.2.10.jar because:
  Build cache is disabled
  Caching not enabled.
Caching disabled for ExternalDependencyInstrumentingArtifactTransform: /opt/gradle/.gradle/caches/modules-2/files-2.1/org.jetbrains.kotlinx/kotlinx-coroutines-core-jvm/1.9.0/9beade4c1c1569e4f36cbd2c37e02e3e41502601/kotlinx-coroutines-core-jvm-1.9.0.jar because:
  Build cache is disabled
  Caching not enabled.
Caching disabled for ExternalDependencyInstrumentingArtifactTransform: /opt/gradle/.gradle/caches/modules-2/files-2.1/org.jetbrains.kotlin/kotlin-stdlib-jdk7/2.2.10/18cc96ae090a71726822631e1808c7d329faab5d/kotlin-stdlib-jdk7-2.2.10.jar because:
  Build cache is disabled
  Caching not enabled.
Caching disabled for ExternalDependencyInstrumentingArtifactTransform: /opt/gradle/.gradle/caches/modules-2/files-2.1/com.dropbox.differ/differ-jvm/0.3.0/1fc0656a44bf48b466414a6167c675a1e84e4703/differ-jvm-0.3.0.jar because:
  Build cache is disabled
  Caching not enabled.
Caching disabled for ExternalDependencyInstrumentingArtifactTransform: /opt/gradle/.gradle/caches/modules-2/files-2.1/org.jetbrains.kotlinx/kotlinx-io-core-jvm/0.3.3/66d09333cd60ba1c48c9b906b3a888112653d252/kotlinx-io-core-jvm-0.3.3.jar because:
  Build cache is disabled
  Caching not enabled.
Caching disabled for ExternalDependencyInstrumentingArtifactTransform: /opt/gradle/.gradle/caches/modules-2/files-2.1/org.jetbrains.kotlinx/kotlinx-io-bytestring-jvm/0.3.3/aaa11306c241f7ab75346f03c3849cf5f5c308f5/kotlinx-io-bytestring-jvm-0.3.3.jar because:
  Build cache is disabled
  Caching not enabled.
Caching disabled for ExternalDependencyInstrumentingArtifactTransform: /opt/gradle/.gradle/caches/modules-2/files-2.1/org.jetbrains.kotlin/kotlin-stdlib/1.9.22/d6c44cd08d8f3f9bece8101216dbe6553365c6e3/kotlin-stdlib-1.9.22.jar because:
  Build cache is disabled
  Caching not enabled.
Caching disabled for ExternalDependencyInstrumentingArtifactTransform: /opt/gradle/.gradle/caches/modules-2/files-2.1/org.jetbrains/annotations/13.0/919f0dfe192fb4e063e7dacadee7f8bb9a2672a9/annotations-13.0.jar because:
  Build cache is disabled
  Caching not enabled.
Caching disabled for ExternalDependencyInstrumentingArtifactTransform: /opt/gradle/.gradle/caches/modules-2/files-2.1/com.android.tools.build/bundletool/1.18.3/8d7bee8e57a4158a872ed99190a60a498c2adc8d/bundletool-1.18.3.jar because:
  Build cache is disabled
  Caching not enabled.
Invalidating in-memory cache of /opt/gradle/.gradle/caches/8.7/fileHashes/fileHashes.bin
Invalidating in-memory cache of /opt/gradle/.gradle/caches/8.7/fileHashes/resourceHashesCache.bin
Invalidating in-memory cache of /opt/gradle/.gradle/caches/journal-1/file-access.bin
Caching disabled for ExternalDependencyInstrumentingArtifactTransform: /opt/gradle/.gradle/caches/modules-2/files-2.1/com.android.tools.build/aapt2-proto/9.1.1-14792394/acf00ea97102064130c6fce33ed18eef59bc692e/aapt2-proto-9.1.1-14792394.jar because:
  Build cache is disabled
  Caching not enabled.
Caching disabled for ExternalDependencyInstrumentingArtifactTransform: /opt/gradle/.gradle/caches/modules-2/files-2.1/com.android.tools.analytics-library/crash/32.1.1/83657cd3f57e8aa956b8cd923f5d327e7343653c/crash-32.1.1.jar because:
  Build cache is disabled
  Caching not enabled.
Invalidating in-memory cache of /opt/gradle/.gradle/caches/8.7/fileHashes/fileHashes.bin
Invalidating in-memory cache of /opt/gradle/.gradle/caches/8.7/fileHashes/resourceHashesCache.bin
Invalidating in-memory cache of /opt/gradle/.gradle/caches/journal-1/file-access.bin
Caching disabled for ExternalDependencyInstrumentingArtifactTransform: /opt/gradle/.gradle/caches/modules-2/files-2.1/com.android.tools.lint/lint-typedef-remover/32.1.1/33f5d5dd14dd3c4525aa8dff70f7653f317136d1/lint-typedef-remover-32.1.1.jar because:
  Build cache is disabled
  Caching not enabled.
Caching disabled for ExternalDependencyInstrumentingArtifactTransform: /opt/gradle/.gradle/caches/modules-2/files-2.1/androidx.databinding/databinding-common/9.1.1/2be3530b78477835e69dce953b17adc1dbc5c6fa/databinding-common-9.1.1.jar because:
  Build cache is disabled
  Caching not enabled.
Caching disabled for ExternalDependencyInstrumentingArtifactTransform: /opt/gradle/.gradle/caches/modules-2/files-2.1/com.android.databinding/baseLibrary/9.1.1/7e7399239e52d4069896277615e005add7ae8e5a/baseLibrary-9.1.1.jar because:
  Build cache is disabled
  Caching not enabled.
Caching disabled for ExternalDependencyInstrumentingArtifactTransform: /opt/gradle/.gradle/caches/modules-2/files-2.1/org.apache.httpcomponents/httpmime/4.5.6/164343da11db817e81e24e0d9869527e069850c9/httpmime-4.5.6.jar because:
  Build cache is disabled
  Caching not enabled.
Caching disabled for ExternalDependencyInstrumentingArtifactTransform: /opt/gradle/.gradle/caches/modules-2/files-2.1/org.apache.commons/commons-compress/1.27.1/a19151084758e2fbb6b41eddaa88e7b8ff4e6599/commons-compress-1.27.1.jar because:
  Build cache is disabled
  Caching not enabled.
Caching disabled for ExternalDependencyInstrumentingArtifactTransform: /opt/gradle/.gradle/caches/modules-2/files-2.1/commons-io/commons-io/2.16.1/377d592e740dc77124e0901291dbfaa6810a200e/commons-io-2.16.1.jar because:
  Build cache is disabled
  Caching not enabled.
Invalidating in-memory cache of /opt/gradle/.gradle/caches/8.7/fileHashes/fileHashes.bin
Invalidating in-memory cache of /opt/gradle/.gradle/caches/8.7/fileHashes/resourceHashesCache.bin
Invalidating in-memory cache of /opt/gradle/.gradle/caches/journal-1/file-access.bin
Caching disabled for ExternalDependencyInstrumentingArtifactTransform: /opt/gradle/.gradle/caches/modules-2/files-2.1/org.ow2.asm/asm-commons/9.9/db9165a3bf908ded6b08612d583a15d1d0c7bda0/asm-commons-9.9.jar because:
  Build cache is disabled
  Caching not enabled.
Caching disabled for ExternalDependencyInstrumentingArtifactTransform: /opt/gradle/.gradle/caches/modules-2/files-2.1/org.ow2.asm/asm-util/9.9/42fdfc0508b43807c8078d6e82ecff2ce2112ae8/asm-util-9.9.jar because:
  Build cache is disabled
  Caching not enabled.
Caching disabled for ExternalDependencyInstrumentingArtifactTransform: /opt/gradle/.gradle/caches/modules-2/files-2.1/org.ow2.asm/asm-analysis/9.9/bf4fa6e66638851c1cd22c2caea0c3ee5d5f437/asm-analysis-9.9.jar because:
  Build cache is disabled
  Caching not enabled.
Caching disabled for ExternalDependencyInstrumentingArtifactTransform: /opt/gradle/.gradle/caches/modules-2/files-2.1/org.ow2.asm/asm-tree/9.9/f8de6eead6d24dd0f45bd065bbe112b2cda6ea21/asm-tree-9.9.jar because:
  Build cache is disabled
  Caching not enabled.
Caching disabled for ExternalDependencyInstrumentingArtifactTransform: /opt/gradle/.gradle/caches/modules-2/files-2.1/org.ow2.asm/asm/9.9/c29635c8a7afa03d74b33c1884df8abb2b3f3dcc/asm-9.9.jar because:
  Build cache is disabled
  Caching not enabled.
Caching disabled for ExternalDependencyInstrumentingArtifactTransform: /opt/gradle/.gradle/caches/modules-2/files-2.1/org.glassfish.jaxb/jaxb-runtime/2.3.2/5528bc882ea499a09d720b42af11785c4fc6be2a/jaxb-runtime-2.3.2.jar because:
  Build cache is disabled
  Caching not enabled.
Caching disabled for ExternalDependencyInstrumentingArtifactTransform: /opt/gradle/.gradle/caches/modules-2/files-2.1/net.sf.jopt-simple/jopt-simple/4.9/ee9e9eaa0a35360dcfeac129ff4923215fd65904/jopt-simple-4.9.jar because:
  Build cache is disabled
  Caching not enabled.
Caching disabled for ExternalDependencyInstrumentingArtifactTransform: /opt/gradle/.gradle/caches/modules-2/files-2.1/com.squareup/javapoet/1.13.0/d6562d385049f35eb50403fa86bb11cce76b866a/javapoet-1.13.0.jar because:
  Build cache is disabled
  Caching not enabled.
Caching disabled for ExternalDependencyInstrumentingArtifactTransform: /opt/gradle/.gradle/caches/modules-2/files-2.1/com.google.protobuf/protobuf-java-util/3.25.5/38cc5ce479603e36466feda2a9f1dfdb2210ef00/protobuf-java-util-3.25.5.jar because:
  Build cache is disabled
  Caching not enabled.
Caching disabled for ExternalDependencyInstrumentingArtifactTransform: /opt/gradle/.gradle/caches/modules-2/files-2.1/com.google.crypto.tink/tink/1.7.0/668b57f109d32349b2870448f06ae6f202713edc/tink-1.7.0.jar because:
  Build cache is disabled
  Caching not enabled.
Caching disabled for ExternalDependencyInstrumentingArtifactTransform: /opt/gradle/.gradle/caches/modules-2/files-2.1/com.android.tools.analytics-library/protos/32.1.1/2a30675b2f4f4a60f78ce88d8df3dc1badea4ee5/protos-32.1.1.jar because:
  Build cache is disabled
  Caching not enabled.
Caching disabled for ExternalDependencyInstrumentingArtifactTransform: /opt/gradle/.gradle/caches/modules-2/files-2.1/com.google.protobuf/protobuf-java/3.25.5/5ae5c9ec39930ae9b5a61b32b93288818ec05ec1/protobuf-java-3.25.5.jar because:
  Build cache is disabled
  Caching not enabled.
Invalidating in-memory cache of /opt/gradle/.gradle/caches/8.7/fileHashes/fileHashes.bin
Invalidating in-memory cache of /opt/gradle/.gradle/caches/8.7/fileHashes/resourceHashesCache.bin
Invalidating in-memory cache of /opt/gradle/.gradle/caches/journal-1/file-access.bin
Caching disabled for ExternalDependencyInstrumentingArtifactTransform: /opt/gradle/.gradle/caches/modules-2/files-2.1/org.jetbrains.kotlin/kotlin-build-statistics/2.2.10/e826d07e18ad23dc3894d40113fd5e79a94f83b3/kotlin-build-statistics-2.2.10.jar because:
  Build cache is disabled
  Caching not enabled.
Caching disabled for ExternalDependencyInstrumentingArtifactTransform: /opt/gradle/.gradle/caches/modules-2/files-2.1/com.google.code.gson/gson/2.11.0/527175ca6d81050b53bdd4c457a6d6e017626b0e/gson-2.11.0.jar because:
  Build cache is disabled
  Caching not enabled.
Caching disabled for ExternalDependencyInstrumentingArtifactTransform: /opt/gradle/.gradle/caches/modules-2/files-2.1/org.tensorflow/tensorflow-lite-metadata/0.2.0/7dbe8f75ae5c0ef7093c43c3ac8b560bbc7ea4b6/tensorflow-lite-metadata-0.2.0.jar because:
  Build cache is disabled
  Caching not enabled.
Caching disabled for ExternalDependencyInstrumentingArtifactTransform: /opt/gradle/.gradle/caches/modules-2/files-2.1/org.webjars/webjars-locator-lite/0.0.6/8fd959b9c304b25b4cec00db7275ca877a5da9e8/webjars-locator-lite-0.0.6.jar because:
  Build cache is disabled
  Caching not enabled.
Caching disabled for ExternalDependencyInstrumentingArtifactTransform: /opt/gradle/.gradle/caches/modules-2/files-2.1/org.webjars/materializecss/1.0.0/ae2fc8470a005602d5c3fff890a02eeb06b769b1/materializecss-1.0.0.jar because:
  Build cache is disabled
  Caching not enabled.
Caching disabled for ExternalDependencyInstrumentingArtifactTransform: /opt/gradle/.gradle/caches/modules-2/files-2.1/org.webjars/material-design-icons/4.0.0/720b847d38f4d30088195da994656ba879a58fe5/material-design-icons-4.0.0.jar because:
  Build cache is disabled
  Caching not enabled.
Caching disabled for ExternalDependencyInstrumentingArtifactTransform: /opt/gradle/.gradle/caches/modules-2/files-2.1/com.google.jimfs/jimfs/1.1/8fbd0579dc68aba6186935cc1bee21d2f3e7ec1c/jimfs-1.1.jar because:
  Build cache is disabled
  Caching not enabled.
Caching disabled for ExternalDependencyInstrumentingArtifactTransform: /opt/gradle/.gradle/caches/modules-2/files-2.1/com.android.tools.build/apkzlib/9.1.1/797a964d8f011d631816a3b7dbc92e58c3f76936/apkzlib-9.1.1.jar because:
  Build cache is disabled
  Caching not enabled.
Caching disabled for ExternalDependencyInstrumentingArtifactTransform: /opt/gradle/.gradle/caches/modules-2/files-2.1/com.google.guava/guava/33.3.1-jre/852f8b363da0111e819460021ca693cacca3e8db/guava-33.3.1-jre.jar because:
  Build cache is disabled
  Caching not enabled.
Caching disabled for ExternalDependencyInstrumentingArtifactTransform: /opt/gradle/.gradle/caches/modules-2/files-2.1/com.google.dagger/dagger/2.28.3/10d83810ef9e19714116ed518896c90c6606d633/dagger-2.28.3.jar because:
  Build cache is disabled
  Caching not enabled.
Caching disabled for ExternalDependencyInstrumentingArtifactTransform: /opt/gradle/.gradle/caches/modules-2/files-2.1/javax.inject/javax.inject/1/6975da39a7040257bd51d21a231b76c915872d38/javax.inject-1.jar because:
  Build cache is disabled
  Caching not enabled.
Caching disabled for ExternalDependencyInstrumentingArtifactTransform: /opt/gradle/.gradle/caches/modules-2/files-2.1/net.sf.kxml/kxml2/2.3.0/ccbc77a5fd907ef863c29f3596c6f54ffa4e9442/kxml2-2.3.0.jar because:
  Build cache is disabled
  Caching not enabled.
Caching disabled for ExternalDependencyInstrumentingArtifactTransform: /opt/gradle/.gradle/caches/modules-2/files-2.1/org.bouncycastle/bcpkix-jdk18on/1.79/7693cec3b8779b74b35466dcaeeaac7409872954/bcpkix-jdk18on-1.79.jar because:
  Build cache is disabled
  Caching not enabled.
Invalidating in-memory cache of /opt/gradle/.gradle/caches/8.7/fileHashes/fileHashes.bin
Invalidating in-memory cache of /opt/gradle/.gradle/caches/8.7/fileHashes/resourceHashesCache.bin
Invalidating in-memory cache of /opt/gradle/.gradle/caches/journal-1/file-access.bin
Caching disabled for ExternalDependencyInstrumentingArtifactTransform: /opt/gradle/.gradle/caches/modules-2/files-2.1/org.bouncycastle/bcutil-jdk18on/1.79/ecfc5aef97cc7676ea0de5c53c407b9f533f0ad5/bcutil-jdk18on-1.79.jar because:
  Build cache is disabled
  Caching not enabled.
Caching disabled for ExternalDependencyInstrumentingArtifactTransform: /opt/gradle/.gradle/caches/modules-2/files-2.1/org.bouncycastle/bcprov-jdk18on/1.79/4d8e2732bcee15f1db93df266c3f5b70ce5cac21/bcprov-jdk18on-1.79.jar because:
  Build cache is disabled
  Caching not enabled.
Caching disabled for ExternalDependencyInstrumentingArtifactTransform: /opt/gradle/.gradle/caches/modules-2/files-2.1/org.apache.httpcomponents/httpclient/4.5.14/1194890e6f56ec29177673f2f12d0b8e627dec98/httpclient-4.5.14.jar because:
  Build cache is disabled
  Caching not enabled.
Invalidating in-memory cache of /opt/gradle/.gradle/caches/journal-1/file-access.bin
Caching disabled for ExternalDependencyInstrumentingArtifactTransform: /opt/gradle/.gradle/caches/modules-2/files-2.1/org.apache.httpcomponents/httpcore/4.4.16/51cf043c87253c9f58b539c9f7e44c8894223850/httpcore-4.4.16.jar because:
  Build cache is disabled
  Caching not enabled.
Caching disabled for ExternalDependencyInstrumentingArtifactTransform: /opt/gradle/.gradle/caches/modules-2/files-2.1/com.android/signflinger/9.1.1/7c41f72626807e344b3bd6ba06a75cd6c4c9d118/signflinger-9.1.1.jar because:
  Build cache is disabled
  Caching not enabled.
Caching disabled for ExternalDependencyInstrumentingArtifactTransform: /opt/gradle/.gradle/caches/modules-2/files-2.1/com.android/zipflinger/9.1.1/8f244c1f655b3d3bdfce9da3ba0da33774e474b3/zipflinger-9.1.1.jar because:
  Build cache is disabled
  Caching not enabled.
Caching disabled for ExternalDependencyInstrumentingArtifactTransform: /opt/gradle/.gradle/caches/modules-2/files-2.1/com.android.tools/annotations/32.1.1/a9a04a78f42fdb0276a0fc7fd538890f856a9753/annotations-32.1.1.jar because:
  Build cache is disabled
  Caching not enabled.
Caching disabled for ExternalDependencyInstrumentingArtifactTransform: /opt/gradle/.gradle/caches/modules-2/files-2.1/net.java.dev.jna/jna-platform/5.6.0/d18424ffb8bbfd036d71bcaab9b546858f2ef986/jna-platform-5.6.0.jar because:
  Build cache is disabled
  Caching not enabled.
Caching disabled for ExternalDependencyInstrumentingArtifactTransform: /opt/gradle/.gradle/caches/modules-2/files-2.1/com.googlecode.juniversalchardet/juniversalchardet/1.0.3/cd49678784c46aa8789c060538e0154013bb421b/juniversalchardet-1.0.3.jar because:
  Build cache is disabled
  Caching not enabled.
Caching disabled for ExternalDependencyInstrumentingArtifactTransform: /opt/gradle/.gradle/caches/modules-2/files-2.1/org.jvnet.staxex/stax-ex/1.8.1/78011e483a21102fb4858f3e8f269a677e50aa23/stax-ex-1.8.1.jar because:
  Build cache is disabled
  Caching not enabled.
Caching disabled for ExternalDependencyInstrumentingArtifactTransform: /opt/gradle/.gradle/caches/modules-2/files-2.1/jakarta.xml.bind/jakarta.xml.bind-api/2.3.2/8d49996a4338670764d7ca4b85a1c4ccf7fe665d/jakarta.xml.bind-api-2.3.2.jar because:
  Build cache is disabled
  Caching not enabled.
Caching disabled for ExternalDependencyInstrumentingArtifactTransform: /opt/gradle/.gradle/caches/modules-2/files-2.1/org.glassfish.jaxb/txw2/2.3.2/ce5be7da2e442c25ec14c766cb60cb802741727b/txw2-2.3.2.jar because:
  Build cache is disabled
  Caching not enabled.
Caching disabled for ExternalDependencyInstrumentingArtifactTransform: /opt/gradle/.gradle/caches/modules-2/files-2.1/com.sun.istack/istack-commons-runtime/3.0.8/d6a97364045aa6b99bf2d3c566a3f98599c2d296/istack-commons-runtime-3.0.8.jar because:
  Build cache is disabled
  Caching not enabled.
Caching disabled for ExternalDependencyInstrumentingArtifactTransform: /opt/gradle/.gradle/caches/modules-2/files-2.1/com.sun.xml.fastinfoset/FastInfoset/1.2.16/4eb6a0adad553bf759ffe86927df6f3b848c8bea/FastInfoset-1.2.16.jar because:
  Build cache is disabled
  Caching not enabled.
Caching disabled for ExternalDependencyInstrumentingArtifactTransform: /opt/gradle/.gradle/caches/modules-2/files-2.1/jakarta.activation/jakarta.activation-api/1.2.1/562a587face36ec7eff2db7f2fc95425c6602bc1/jakarta.activation-api-1.2.1.jar because:
  Build cache is disabled
  Caching not enabled.
Caching disabled for ExternalDependencyInstrumentingArtifactTransform: /opt/gradle/.gradle/caches/modules-2/files-2.1/com.google.auto.value/auto-value-annotations/1.6.2/ed193d86e0af90cc2342aedbe73c5d86b03fa09b/auto-value-annotations-1.6.2.jar because:
  Build cache is disabled
  Caching not enabled.
Caching disabled for ExternalDependencyInstrumentingArtifactTransform: /opt/gradle/.gradle/caches/modules-2/files-2.1/com.google.errorprone/error_prone_annotations/2.28.0/59fc00087ce372de42e394d2c789295dff2d19f0/error_prone_annotations-2.28.0.jar because:
  Build cache is disabled
  Caching not enabled.
Caching disabled for ExternalDependencyInstrumentingArtifactTransform: /opt/gradle/.gradle/caches/modules-2/files-2.1/org.bitbucket.b_c/jose4j/0.9.5/e4ca26802488e6f16e24558d74ac8775a955fdd3/jose4j-0.9.5.jar because:
  Build cache is disabled
  Caching not enabled.
Caching disabled for ExternalDependencyInstrumentingArtifactTransform: /opt/gradle/.gradle/caches/modules-2/files-2.1/org.slf4j/slf4j-api/1.7.30/b5a4b6d16ab13e34a88fae84c35cd5d68cac922c/slf4j-api-1.7.30.jar because:
  Build cache is disabled
  Caching not enabled.
Caching disabled for ExternalDependencyInstrumentingArtifactTransform: /opt/gradle/.gradle/caches/modules-2/files-2.1/org.jdom/jdom2/2.0.6/6f14738ec2e9dd0011e343717fa624a10f8aab64/jdom2-2.0.6.jar because:
  Build cache is disabled
  Caching not enabled.
Caching disabled for ExternalDependencyInstrumentingArtifactTransform: /opt/gradle/.gradle/caches/modules-2/files-2.1/org.jetbrains.kotlin/kotlin-gradle-plugin-idea-proto/2.2.10/2caef57b02e64afbcbb276e4f1edb5d9807d8fa4/kotlin-gradle-plugin-idea-proto-2.2.10.jar because:
  Build cache is disabled
  Caching not enabled.
Caching disabled for ExternalDependencyInstrumentingArtifactTransform: /opt/gradle/.gradle/caches/modules-2/files-2.1/org.jetbrains.kotlin/kotlin-gradle-plugin-idea/2.2.10/a07b350797aa4fe6d4bc6e1be2feecb638e94b13/kotlin-gradle-plugin-idea-2.2.10.jar because:
  Build cache is disabled
  Caching not enabled.
Caching disabled for ExternalDependencyInstrumentingArtifactTransform: /opt/gradle/.gradle/caches/modules-2/files-2.1/org.jetbrains.kotlin/kotlin-klib-commonizer-api/2.2.10/e7a9a8f5ca3d6027fb86f1df5bb2ce2812b1486a/kotlin-klib-commonizer-api-2.2.10.jar because:
  Build cache is disabled
  Caching not enabled.
Caching disabled for ExternalDependencyInstrumentingArtifactTransform: /opt/gradle/.gradle/caches/modules-2/files-2.1/org.jetbrains.kotlin/kotlin-util-klib-metadata/2.2.10/aae4449834d66cddf14f0fb5b8867eb422bb52f0/kotlin-util-klib-metadata-2.2.10.jar because:
  Build cache is disabled
  Caching not enabled.
Caching disabled for ExternalDependencyInstrumentingArtifactTransform: /opt/gradle/.gradle/caches/modules-2/files-2.1/org.jetbrains.kotlin/abi-tools-api/2.2.10/d3d684d1dfec17b0c9f0fda875da938d5f304328/abi-tools-api-2.2.10.jar because:
  Build cache is disabled
  Caching not enabled.
Caching disabled for ExternalDependencyInstrumentingArtifactTransform: /opt/gradle/.gradle/caches/modules-2/files-2.1/com.google.code.findbugs/jsr305/3.0.2/25ea2e8b0c338a877313bd4672d3fe056ea78f0d/jsr305-3.0.2.jar because:
  Build cache is disabled
  Caching not enabled.
Caching disabled for ExternalDependencyInstrumentingArtifactTransform: /opt/gradle/.gradle/caches/modules-2/files-2.1/com.google.j2objc/j2objc-annotations/3.0.0/7399e65dd7e9ff3404f4535b2f017093bdb134c7/j2objc-annotations-3.0.0.jar because:
  Build cache is disabled
  Caching not enabled.
Caching disabled for ExternalDependencyInstrumentingArtifactTransform: /opt/gradle/.gradle/caches/modules-2/files-2.1/org.checkerframework/checker-qual/3.43.0/9425eee39e56b116d2b998b7c2cebcbd11a3c98b/checker-qual-3.43.0.jar because:
  Build cache is disabled
  Caching not enabled.
Caching disabled for ExternalDependencyInstrumentingArtifactTransform: /opt/gradle/.gradle/caches/modules-2/files-2.1/com.google.flatbuffers/flatbuffers-java/1.12.0/8201cc7b511177a37071249e891f2f2fea4b32e9/flatbuffers-java-1.12.0.jar because:
  Build cache is disabled
  Caching not enabled.
Caching disabled for ExternalDependencyInstrumentingArtifactTransform: /opt/gradle/.gradle/caches/modules-2/files-2.1/com.android.tools.build/apksig/9.1.1/2881101f6a9d0baf6a341926ef0ff08c98a5d13b/apksig-9.1.1.jar because:
  Build cache is disabled
  Caching not enabled.
Caching disabled for ExternalDependencyInstrumentingArtifactTransform: /opt/gradle/.gradle/caches/modules-2/files-2.1/com.squareup/javawriter/2.5.0/81241ff7078ef14f42ea2a8995fa09c096256e6b/javawriter-2.5.0.jar because:
  Build cache is disabled
  Caching not enabled.
Caching disabled for ExternalDependencyInstrumentingArtifactTransform: /opt/gradle/.gradle/caches/modules-2/files-2.1/org.jspecify/jspecify/0.3.0/fc1a0c38a07667f2dbbece32164dac2d0056d205/jspecify-0.3.0.jar because:
  Build cache is disabled
  Caching not enabled.
Caching disabled for ExternalDependencyInstrumentingArtifactTransform: /opt/gradle/.gradle/caches/modules-2/files-2.1/com.google.guava/failureaccess/1.0.2/c4a06a64e650562f30b7bf9aaec1bfed43aca12b/failureaccess-1.0.2.jar because:
  Build cache is disabled
  Caching not enabled.
Caching disabled for ExternalDependencyInstrumentingArtifactTransform: /opt/gradle/.gradle/caches/modules-2/files-2.1/com.google.guava/listenablefuture/9999.0-empty-to-avoid-conflict-with-guava/b421526c5f297295adef1c886e5246c39d4ac629/listenablefuture-9999.0-empty-to-avoid-conflict-with-guava.jar because:
  Build cache is disabled
  Caching not enabled.
Caching disabled for ExternalDependencyInstrumentingArtifactTransform: /opt/gradle/.gradle/caches/modules-2/files-2.1/commons-codec/commons-codec/1.17.1/973638b7149d333563584137ebf13a691bb60579/commons-codec-1.17.1.jar because:
  Build cache is disabled
  Caching not enabled.
Caching disabled for ExternalDependencyInstrumentingArtifactTransform: /opt/gradle/.gradle/caches/modules-2/files-2.1/org.apache.commons/commons-lang3/3.16.0/3eb54effe40946dfb06dc5cd6c7ce4116cd51ea4/commons-lang3-3.16.0.jar because:
  Build cache is disabled
  Caching not enabled.
Caching disabled for ExternalDependencyInstrumentingArtifactTransform: /opt/gradle/.gradle/caches/modules-2/files-2.1/commons-logging/commons-logging/1.2/4bfc12adfe4842bf07b657f0369c4cb522955686/commons-logging-1.2.jar because:
  Build cache is disabled
  Caching not enabled.
Caching disabled for ExternalDependencyInstrumentingArtifactTransform: /opt/gradle/.gradle/caches/modules-2/files-2.1/net.java.dev.jna/jna/5.6.0/330f2244e9030119ab3030fc3fededc86713d9cc/jna-5.6.0.jar because:
  Build cache is disabled
  Caching not enabled.
Caching disabled for ExternalDependencyInstrumentingArtifactTransform: /opt/gradle/.gradle/caches/modules-2/files-2.1/org.jetbrains.kotlin/kotlin-gradle-plugin-annotations/2.2.10/45152dbad91398d945afff472498c8610cef5ae5/kotlin-gradle-plugin-annotations-2.2.10.jar because:
  Build cache is disabled
  Caching not enabled.
Caching disabled for ExternalDependencyInstrumentingArtifactTransform: /opt/gradle/.gradle/caches/modules-2/files-2.1/org.jetbrains.kotlin/kotlin-native-utils/2.2.10/6c6650142c8ddaf921ffc46f9757b39681c0c02e/kotlin-native-utils-2.2.10.jar because:
  Build cache is disabled
  Caching not enabled.
Caching disabled for ExternalDependencyInstrumentingArtifactTransform: /opt/gradle/.gradle/caches/modules-2/files-2.1/org.jetbrains.kotlin/kotlin-tooling-core/2.2.10/685151c03e638207a3b5045002411fbef78fdeb/kotlin-tooling-core-2.2.10.jar because:
  Build cache is disabled
  Caching not enabled.
Caching disabled for ExternalDependencyInstrumentingArtifactTransform: /opt/gradle/.gradle/caches/modules-2/files-2.1/org.jetbrains.kotlin/kotlin-build-tools-api/2.2.10/eac607420801deb9abcf71e250ab1ea11b049c06/kotlin-build-tools-api-2.2.10.jar because:
  Build cache is disabled
  Caching not enabled.
Caching disabled for ExternalDependencyInstrumentingArtifactTransform: /opt/gradle/.gradle/caches/modules-2/files-2.1/org.jetbrains.kotlin/kotlin-util-klib/2.2.10/82e5679f8609ebd439f96fd708cc8644b5f06f0/kotlin-util-klib-2.2.10.jar because:
  Build cache is disabled
  Caching not enabled.
Caching disabled for ExternalDependencyInstrumentingArtifactTransform: /opt/gradle/.gradle/caches/modules-2/files-2.1/org.jetbrains.kotlin/kotlin-util-io/2.2.10/aa4dc86feb1b0d99f14f0510892ddecf6f6139fd/kotlin-util-io-2.2.10.jar because:
  Build cache is disabled
  Caching not enabled.
Caching disabled for ExternalDependencyInstrumentingArtifactTransform: /opt/gradle/.gradle/caches/modules-2/files-2.1/org.jetbrains.kotlin/kotlin-daemon-client/2.2.10/9de9722b2ab63b00fed168c924c41ea3b2f7d9c5/kotlin-daemon-client-2.2.10.jar because:
  Build cache is disabled
  Caching not enabled.
Invalidating in-memory cache of /opt/gradle/.gradle/caches/8.7/fileHashes/fileHashes.bin
Invalidating in-memory cache of /opt/gradle/.gradle/caches/8.7/fileHashes/resourceHashesCache.bin

> Configure project :app
Evaluating project ':app' using build file '/app/applet/app/build.gradle.kts'.
Invalidating in-memory cache of /opt/gradle/.gradle/caches/8.7/fileHashes/fileHashes.bin
Invalidating in-memory cache of /opt/gradle/.gradle/caches/8.7/fileHashes/resourceHashesCache.bin
Invalidating in-memory cache of /opt/gradle/.gradle/caches/8.7/fileHashes/fileHashes.bin
Invalidating in-memory cache of /opt/gradle/.gradle/caches/8.7/fileHashes/resourceHashesCache.bin
Invalidating in-memory cache of /opt/gradle/.gradle/caches/8.7/fileHashes/fileHashes.bin
Invalidating in-memory cache of /opt/gradle/.gradle/caches/8.7/fileHashes/resourceHashesCache.bin
Invalidating in-memory cache of /opt/gradle/.gradle/caches/8.7/fileHashes/fileHashes.bin
Invalidating in-memory cache of /opt/gradle/.gradle/caches/8.7/fileHashes/resourceHashesCache.bin
Invalidating in-memory cache of /opt/gradle/.gradle/caches/8.7/fileHashes/fileHashes.bin
Invalidating in-memory cache of /opt/gradle/.gradle/caches/8.7/fileHashes/resourceHashesCache.bin
Cannot use Kotlin build script compile avoidance with /opt/gradle/.gradle/caches/modules-2/files-2.1/org.jetbrains.kotlin/kotlin-gradle-plugin/2.2.10/3a12cc5e79e277b4f7851dfe4e628409b527bdd6/kotlin-gradle-plugin-2.2.10-gradle86.jar: class org/jetbrains/kotlin/gradle/dsl/PlatformSourceSetConventionsChecker: inline fun CheckedPlatformInfo(): compile avoidance is not supported with public inline functions
Invalidating in-memory cache of /opt/gradle/.gradle/caches/8.7/fileHashes/fileHashes.bin
Invalidating in-memory cache of /opt/gradle/.gradle/caches/8.7/fileHashes/resourceHashesCache.bin
Cannot use Kotlin build script compile avoidance with /opt/gradle/.gradle/caches/modules-2/files-2.1/com.android.tools.build/bundletool/1.18.3/8d7bee8e57a4158a872ed99190a60a498c2adc8d/bundletool-1.18.3.jar: class shadow/bundletool/com/android/utils/NodeCollectionHelperKt: inline fun forEach(): compile avoidance is not supported with public inline functions
Invalidating in-memory cache of /opt/gradle/.gradle/caches/8.7/fileHashes/fileHashes.bin
Invalidating in-memory cache of /opt/gradle/.gradle/caches/8.7/fileHashes/resourceHashesCache.bin
Invalidating in-memory cache of /opt/gradle/.gradle/caches/8.7/fileHashes/fileHashes.bin
Invalidating in-memory cache of /opt/gradle/.gradle/caches/8.7/fileHashes/resourceHashesCache.bin
Cannot use Kotlin build script compile avoidance with /opt/gradle/.gradle/caches/modules-2/files-2.1/org.jetbrains.kotlin/kotlin-gradle-plugin-idea-proto/2.2.10/2caef57b02e64afbcbb276e4f1edb5d9807d8fa4/kotlin-gradle-plugin-idea-proto-2.2.10.jar: class org/jetbrains/kotlin/gradle/idea/proto/generated/IdeaExtrasProtoKt$Dsl: inline fun setValues(): compile avoidance is not supported with public inline functions
Cannot use Kotlin build script compile avoidance with /opt/gradle/.gradle/caches/modules-2/files-2.1/org.jetbrains.kotlin/kotlin-gradle-plugin-idea/2.2.10/a07b350797aa4fe6d4bc6e1be2feecb638e94b13/kotlin-gradle-plugin-idea-2.2.10.jar: class org/jetbrains/kotlin/gradle/idea/serialize/IdeaKotlinExtrasSerializer$Companion: inline fun javaIoSerializable(): compile avoidance is not supported with public inline functions
Cannot use Kotlin build script compile avoidance with /opt/gradle/.gradle/caches/modules-2/files-2.1/org.jetbrains.kotlin/kotlin-tooling-core/2.2.10/685151c03e638207a3b5045002411fbef78fdeb/kotlin-tooling-core-2.2.10.jar: class org/jetbrains/kotlin/tooling/core/ClosureKt: inline fun closure(): compile avoidance is not supported with public inline functions
Cannot use Kotlin build script compile avoidance with /opt/gradle/.gradle/caches/modules-2/files-2.1/org.jetbrains.kotlin/kotlin-util-io/2.2.10/aa4dc86feb1b0d99f14f0510892ddecf6f6139fd/kotlin-util-io-2.2.10.jar: class org/jetbrains/kotlin/konan/file/FileKt: inline fun use(): compile avoidance is not supported with public inline functions
Invalidating in-memory cache of /app/applet/.gradle/8.7/fileHashes/fileHashes.bin
Invalidating in-memory cache of /app/applet/.gradle/8.7/fileHashes/resourceHashesCache.bin
Invalidating in-memory cache of /opt/gradle/.gradle/caches/journal-1/file-access.bin
Build cache key for Kotlin DSL script compilation (Project/TopLevel/stage1) is 2b0bc23fb3b518f4b3a41bf0cc56390f
Invalidating in-memory cache of /opt/gradle/.gradle/caches/8.7/fileHashes/fileHashes.bin
Invalidating in-memory cache of /opt/gradle/.gradle/caches/8.7/fileHashes/resourceHashesCache.bin
Invalidating in-memory cache of /opt/gradle/.gradle/caches/journal-1/file-access.bin
Stored cache entry for Kotlin DSL script compilation (Project/TopLevel/stage1) with cache key 2b0bc23fb3b518f4b3a41bf0cc56390f

0 problems were found storing the configuration cache.

See the complete report at file:///app/applet/build/reports/configuration-cache/9ic3txqi7yfc6nq7wkq3zlz4b/16lwmv0p36n7lp8e8y4pylh6w/configuration-cache-report.html
Configuration cache entry stored.
